"date","depth","corewater","replicate","constituent","concentration","detection_flag"
"2020-08-14",15.5,FALSE,1,"Fe_diss_ppm",0.007,"<"
"2020-08-14",15.5,FALSE,1,"Mn_diss_ppm",0.266,"NONE"
"2020-08-14",19.3,FALSE,1,"Fe_diss_ppm",0.012,"<"
"2020-08-14",19.3,FALSE,1,"Mn_diss_ppm",0.328,"NONE"
"2020-08-14",21.8,FALSE,1,"Fe_diss_ppm",0.02,"NONE"
"2020-08-14",21.8,FALSE,1,"Mn_diss_ppm",0.371,"NONE"
"2020-09-02",11,FALSE,1,"Fe_diss_ppm",0.005,"<"
"2020-09-02",11,FALSE,1,"Mn_diss_ppm",0.148,"NONE"
"2020-09-02",13.2,FALSE,1,"Fe_diss_ppm",0.006,"<"
"2020-09-02",13.2,FALSE,1,"Mn_diss_ppm",0.188,"NONE"
"2020-09-02",15.5,FALSE,1,"Fe_diss_ppm",0.018,"<"
"2020-09-02",15.5,FALSE,1,"Mn_diss_ppm",0.275,"NONE"
"2020-09-02",18.1,FALSE,1,"Fe_diss_ppm",0.014,"<"
"2020-09-02",18.1,FALSE,1,"Mn_diss_ppm",0.32,"NONE"
"2020-09-02",20.7,FALSE,1,"Fe_diss_ppm",0.018,"<"
"2020-09-02",20.7,FALSE,1,"Mn_diss_ppm",0.343,"NONE"
"2020-09-02",9.4,FALSE,1,"Fe_diss_ppm",0.005,"<"
"2020-09-02",9.4,FALSE,1,"Mn_diss_ppm",0.135,"NONE"
"2020-09-17",14.1,FALSE,1,"Fe_diss_ppm",0.01,"<"
"2020-09-17",14.1,FALSE,1,"Mn_diss_ppm",0.303,"NONE"
"2020-09-17",20.1,FALSE,1,"Fe_diss_ppm",0.026,"NONE"
"2020-09-17",20.1,FALSE,1,"Mn_diss_ppm",0.325,"NONE"
"2020-09-24",16.2,FALSE,1,"Fe_diss_ppm",0.012,"<"
"2020-09-24",16.2,FALSE,1,"Mn_diss_ppm",0.272,"NONE"
"2020-09-24",18.2,FALSE,1,"Fe_diss_ppm",0.015,"<"
"2020-09-24",18.2,FALSE,1,"Mn_diss_ppm",0.304,"NONE"
"2020-09-24",20.2,FALSE,1,"Fe_diss_ppm",0.015,"<"
"2020-09-24",20.2,FALSE,1,"Mn_diss_ppm",0.308,"NONE"
"2020-09-24",22.2,FALSE,1,"Fe_diss_ppm",0.015,"<"
"2020-09-24",22.2,FALSE,1,"Mn_diss_ppm",0.318,"NONE"
"2020-10-10",15.4,FALSE,1,"Fe_diss_ppm",0.004,"<"
"2020-10-10",15.4,FALSE,1,"Mn_diss_ppm",0.092,"NONE"
"2020-10-10",15.7,FALSE,1,"Fe_diss_ppm",0.005,"<"
"2020-10-10",15.7,FALSE,1,"Mn_diss_ppm",0.153,"NONE"
"2020-10-10",17.1,FALSE,1,"Fe_diss_ppm",0.023,"NONE"
"2020-10-10",17.1,FALSE,1,"Mn_diss_ppm",0.383,"NONE"
"2020-10-10",20.9,FALSE,1,"Fe_diss_ppm",0.028,"NONE"
"2020-10-10",20.9,FALSE,2,"Fe_diss_ppm",0.03,"NONE"
"2020-10-10",20.9,FALSE,1,"Mn_diss_ppm",0.371,"NONE"
"2020-10-10",20.9,FALSE,2,"Mn_diss_ppm",0.38,"NONE"
"2020-08-14",15.5,FALSE,1,"Fe_part_ppm",0.014,"<"
"2020-08-14",15.5,FALSE,1,"Mn_part_ppm",0.01,"<"
"2020-08-14",19.3,FALSE,1,"Fe_part_ppm",0.01,"<"
"2020-08-14",19.3,FALSE,1,"Mn_part_ppm",0.03,"NONE"
"2020-08-14",21.8,FALSE,1,"Fe_part_ppm",0.012,"<"
"2020-08-14",21.8,FALSE,1,"Mn_part_ppm",-0.006,"<"
"2020-09-02",11,FALSE,1,"Fe_part_ppm",0.015,"<"
"2020-09-02",11,FALSE,1,"Mn_part_ppm",0.019,"<"
"2020-09-02",13.2,FALSE,1,"Fe_part_ppm",0.042,"NONE"
"2020-09-02",13.2,FALSE,1,"Mn_part_ppm",0.03,"NONE"
"2020-09-02",15.5,FALSE,1,"Fe_part_ppm",0.001,"<"
"2020-09-02",15.5,FALSE,1,"Mn_part_ppm",0.008,"<"
"2020-09-02",18.1,FALSE,1,"Fe_part_ppm",0.018,"<"
"2020-09-02",18.1,FALSE,1,"Mn_part_ppm",-0.041,"<"
"2020-09-02",20.7,FALSE,1,"Fe_part_ppm",0.016,"<"
"2020-09-02",20.7,FALSE,1,"Mn_part_ppm",-0.049,"<"
"2020-09-02",9.4,FALSE,1,"Fe_part_ppm",0.002,"<"
"2020-09-02",9.4,FALSE,1,"Mn_part_ppm",-0.001,"<"
"2020-09-17",14.1,FALSE,1,"Fe_part_ppm",0.002,"<"
"2020-09-17",14.1,FALSE,1,"Mn_part_ppm",-0.031,"<"
"2020-09-17",20.1,FALSE,1,"Fe_part_ppm",0.003,"<"
"2020-09-17",20.1,FALSE,1,"Mn_part_ppm",-0.018,"<"
"2020-09-24",16.2,FALSE,1,"Fe_part_ppm",0.015,"<"
"2020-09-24",16.2,FALSE,1,"Mn_part_ppm",0.003,"<"
"2020-09-24",18.2,FALSE,1,"Fe_part_ppm",0.017,"<"
"2020-09-24",18.2,FALSE,1,"Mn_part_ppm",-0.014,"<"
"2020-09-24",20.2,FALSE,1,"Fe_part_ppm",0.022,"NONE"
"2020-09-24",20.2,FALSE,1,"Mn_part_ppm",-0.007,"<"
"2020-09-24",22.2,FALSE,1,"Fe_part_ppm",0.018,"<"
"2020-09-24",22.2,FALSE,1,"Mn_part_ppm",0,"<"
"2020-10-10",15.4,FALSE,1,"Fe_part_ppm",0.008,"<"
"2020-10-10",15.4,FALSE,1,"Mn_part_ppm",0.073,"NONE"
"2020-10-10",15.7,FALSE,1,"Fe_part_ppm",0.009,"<"
"2020-10-10",15.7,FALSE,1,"Mn_part_ppm",0.067,"NONE"
"2020-10-10",17.1,FALSE,1,"Fe_part_ppm",0.018,"<"
"2020-10-10",17.1,FALSE,1,"Mn_part_ppm",-0.005,"<"
"2020-10-10",20.9,FALSE,1,"Fe_part_ppm",0.01,"<"
"2020-10-10",20.9,FALSE,2,"Fe_part_ppm",0.021,"NONE"
"2020-10-10",20.9,FALSE,1,"Mn_part_ppm",-0.005,"<"
"2020-10-10",20.9,FALSE,2,"Mn_part_ppm",-0.006,"<"
"2021-09-10",10.6,FALSE,1,"Fe_diss_ppm",0.002,"<"
"2021-09-10",10.6,FALSE,1,"Mn_diss_ppm",0.001,"<"
"2021-09-10",10.8,FALSE,1,"Fe_diss_ppm",0.003,"<"
"2021-09-10",10.8,FALSE,2,"Fe_diss_ppm",0.004,"<"
"2021-09-10",10.8,FALSE,1,"Mn_diss_ppm",0.085,"NONE"
"2021-09-10",10.8,FALSE,2,"Mn_diss_ppm",0.085,"NONE"
"2021-09-10",11.9,FALSE,1,"Fe_diss_ppm",0.012,"<"
"2021-09-10",11.9,FALSE,1,"Mn_diss_ppm",0.161,"NONE"
"2021-09-10",14.6,FALSE,1,"Fe_diss_ppm",0.012,"<"
"2021-09-10",14.6,FALSE,1,"Mn_diss_ppm",0.189,"NONE"
"2021-09-10",16.9,FALSE,1,"Fe_diss_ppm",0.019,"<"
"2021-09-10",16.9,FALSE,1,"Mn_diss_ppm",0.255,"NONE"
"2021-09-10",19.9,FALSE,1,"Fe_diss_ppm",0.023,"NONE"
"2021-09-10",19.9,FALSE,1,"Mn_diss_ppm",0.298,"NONE"
"2021-09-10",3,FALSE,1,"Fe_diss_ppm",0.003,"<"
"2021-09-10",3,FALSE,1,"Mn_diss_ppm",0,"<"
"2021-09-10",7.1,FALSE,1,"Fe_diss_ppm",0.001,"<"
"2021-09-10",7.1,FALSE,1,"Mn_diss_ppm",0,"<"
"2021-09-10",9.5,FALSE,1,"Fe_diss_ppm",0.01,"<"
"2021-09-10",9.5,FALSE,1,"Mn_diss_ppm",0,"<"
"2021-10-14",12.6,FALSE,1,"Fe_diss_ppm",0.001,"<"
"2021-10-14",12.6,FALSE,1,"Mn_diss_ppm",0.001,"<"
"2021-10-14",13.8,FALSE,1,"Fe_diss_ppm",0.009,"<"
"2021-10-14",13.8,FALSE,1,"Mn_diss_ppm",0.012,"<"
"2021-10-14",14.2,FALSE,1,"Fe_diss_ppm",0.003,"<"
"2021-10-14",14.2,FALSE,2,"Fe_diss_ppm",0.005,"<"
"2021-10-14",14.2,FALSE,1,"Mn_diss_ppm",0.166,"NONE"
"2021-10-14",14.2,FALSE,2,"Mn_diss_ppm",0.16,"NONE"
"2021-10-14",15.2,FALSE,1,"Fe_diss_ppm",0.023,"NONE"
"2021-10-14",15.2,FALSE,1,"Mn_diss_ppm",0.297,"NONE"
"2021-10-14",16.5,FALSE,1,"Fe_diss_ppm",0.026,"NONE"
"2021-10-14",16.5,FALSE,1,"Mn_diss_ppm",0.242,"NONE"
"2021-10-14",18.2,FALSE,1,"Fe_diss_ppm",0.031,"NONE"
"2021-10-14",18.2,FALSE,1,"Mn_diss_ppm",0.263,"NONE"
"2021-10-14",19.9,FALSE,1,"Fe_diss_ppm",0.03,"NONE"
"2021-10-14",19.9,FALSE,2,"Fe_diss_ppm",0.026,"NONE"
"2021-10-14",19.9,FALSE,1,"Mn_diss_ppm",0.286,"NONE"
"2021-10-14",19.9,FALSE,2,"Mn_diss_ppm",0.285,"NONE"
"2021-10-14",5.6,FALSE,1,"Fe_diss_ppm",0.004,"<"
"2021-10-14",5.6,FALSE,1,"Mn_diss_ppm",0,"<"
"2021-09-10",10.6,FALSE,1,"Fe_part_ppm",0.004,"<"
"2021-09-10",10.6,FALSE,1,"Mn_part_ppm",0.038,"NONE"
"2021-09-10",10.8,FALSE,1,"Fe_part_ppm",0.068,"NONE"
"2021-09-10",10.8,FALSE,2,"Fe_part_ppm",0.003,"<"
"2021-09-10",10.8,FALSE,1,"Mn_part_ppm",0.06,"NONE"
"2021-09-10",10.8,FALSE,2,"Mn_part_ppm",0.101,"NONE"
"2021-09-10",11.9,FALSE,1,"Fe_part_ppm",0.006,"<"
"2021-09-10",11.9,FALSE,1,"Mn_part_ppm",0.003,"<"
"2021-09-10",14.6,FALSE,1,"Fe_part_ppm",0.005,"<"
"2021-09-10",14.6,FALSE,1,"Mn_part_ppm",0.006,"<"
"2021-09-10",16.9,FALSE,1,"Fe_part_ppm",0.001,"<"
"2021-09-10",16.9,FALSE,1,"Mn_part_ppm",-0.001,"<"
"2021-09-10",19.9,FALSE,1,"Fe_part_ppm",0.002,"<"
"2021-09-10",19.9,FALSE,1,"Mn_part_ppm",-0.002,"<"
"2021-09-10",3,FALSE,1,"Fe_part_ppm",0.145,"NONE"
"2021-09-10",3,FALSE,1,"Mn_part_ppm",0.014,"<"
"2021-09-10",7.1,FALSE,1,"Fe_part_ppm",0.005,"<"
"2021-09-10",7.1,FALSE,1,"Mn_part_ppm",0.014,"<"
"2021-09-10",9.5,FALSE,1,"Fe_part_ppm",-0.006,"<"
"2021-09-10",9.5,FALSE,1,"Mn_part_ppm",0.015,"<"
"2021-10-14",12.6,FALSE,1,"Fe_part_ppm",0.004,"<"
"2021-10-14",12.6,FALSE,1,"Mn_part_ppm",0.02,"NONE"
"2021-10-14",13.8,FALSE,1,"Fe_part_ppm",-0.002,"<"
"2021-10-14",13.8,FALSE,1,"Mn_part_ppm",0.052,"NONE"
"2021-10-14",14.2,FALSE,1,"Fe_part_ppm",0.017,"<"
"2021-10-14",14.2,FALSE,2,"Fe_part_ppm",0.011,"<"
"2021-10-14",14.2,FALSE,1,"Mn_part_ppm",0.048,"NONE"
"2021-10-14",14.2,FALSE,2,"Mn_part_ppm",0.052,"NONE"
"2021-10-14",15.2,FALSE,1,"Fe_part_ppm",0.01,"<"
"2021-10-14",15.2,FALSE,1,"Mn_part_ppm",0.012,"<"
"2021-10-14",16.5,FALSE,1,"Fe_part_ppm",0.011,"<"
"2021-10-14",16.5,FALSE,1,"Mn_part_ppm",0.001,"<"
"2021-10-14",18.2,FALSE,1,"Fe_part_ppm",0.047,"NONE"
"2021-10-14",18.2,FALSE,1,"Mn_part_ppm",-0.002,"<"
"2021-10-14",19.9,FALSE,1,"Fe_part_ppm",0.014,"<"
"2021-10-14",19.9,FALSE,2,"Fe_part_ppm",0.015,"<"
"2021-10-14",19.9,FALSE,1,"Mn_part_ppm",0.002,"<"
"2021-10-14",19.9,FALSE,2,"Mn_part_ppm",0.003,"<"
"2021-10-14",5.6,FALSE,1,"Fe_part_ppm",0.003,"<"
"2021-10-14",5.6,FALSE,1,"Mn_part_ppm",0.02,"NONE"
"2020-08-14",21.8,FALSE,1,"sulfate_uM",107.8,"NONE"
"2020-08-14",19.3,FALSE,1,"sulfate_uM",133.2,"NONE"
"2020-08-14",15.5,FALSE,1,"sulfate_uM",162.2,"NONE"
"2020-08-14",23.8,TRUE,1,"sulfate_uM",148.4,"NONE"
"2020-08-14",23.6,TRUE,1,"sulfate_uM",116,"NONE"
"2020-08-14",23.41,TRUE,1,"sulfate_uM",129.5,"NONE"
"2020-08-14",23.23,TRUE,1,"sulfate_uM",178.6,"NONE"
"2020-09-02",20.7,FALSE,1,"sulfate_uM",112.1,"NONE"
"2020-09-02",18.1,FALSE,1,"sulfate_uM",124.8,"NONE"
"2020-09-02",15.5,FALSE,1,"sulfate_uM",159.9,"NONE"
"2020-09-02",13.2,FALSE,1,"sulfate_uM",203,"NONE"
"2020-09-02",11,FALSE,1,"sulfate_uM",200.9,"NONE"
"2020-09-02",9.4,FALSE,1,"sulfate_uM",185.6,"NONE"
"2020-09-17",20.1,FALSE,1,"sulfate_uM",93.8,"NONE"
"2020-09-17",20.1,FALSE,2,"sulfate_uM",59.9,"NONE"
"2020-09-17",14.1,FALSE,1,"sulfate_uM",152.2,"NONE"
"2020-09-17",14.1,FALSE,2,"sulfate_uM",100.6,"NONE"
"2020-09-24",22.2,FALSE,1,"sulfate_uM",49.2,"NONE"
"2020-09-24",22.2,FALSE,2,"sulfate_uM",49.5,"NONE"
"2020-09-24",20.2,FALSE,1,"sulfate_uM",129.6,"NONE"
"2020-09-24",18.2,FALSE,1,"sulfate_uM",112.2,"NONE"
"2020-09-24",16.2,FALSE,1,"sulfate_uM",145.2,"NONE"
"2020-09-24",23.16,TRUE,1,"sulfate_uM",128.2,"NONE"
"2020-09-24",23.37,TRUE,1,"sulfate_uM",72.8,"NONE"
"2020-09-24",23.58,TRUE,1,"sulfate_uM",60.7,"NONE"
"2020-09-24",23.79,TRUE,1,"sulfate_uM",80.1,"NONE"
"2020-10-10",20.9,FALSE,1,"sulfate_uM",79.7,"NONE"
"2020-10-10",20.9,FALSE,2,"sulfate_uM",85.5,"NONE"
"2020-10-10",17.1,FALSE,1,"sulfate_uM",123.1,"NONE"
"2020-10-10",15.7,FALSE,1,"sulfate_uM",201.3,"NONE"
"2020-10-10",15.4,FALSE,1,"sulfate_uM",189.1,"NONE"
"2021-08-31",10,FALSE,1,"sulfate_uM",192.4,"NONE"
"2021-08-31",15,FALSE,1,"sulfate_uM",159.4,"NONE"
"2021-08-31",15,FALSE,2,"sulfate_uM",170.9,"NONE"
"2021-08-31",20,FALSE,1,"sulfate_uM",96.2,"NONE"
"2021-08-31",20,FALSE,2,"sulfate_uM",100.9,"NONE"
"2021-09-10",3,FALSE,1,"sulfate_uM",215.3,"NONE"
"2021-09-10",7.1,FALSE,1,"sulfate_uM",218.4,"NONE"
"2021-09-10",9.5,FALSE,1,"sulfate_uM",246.7,"NONE"
"2021-09-10",10.6,FALSE,1,"sulfate_uM",207.1,"NONE"
"2021-09-10",10.8,FALSE,1,"sulfate_uM",224.2,"NONE"
"2021-09-10",10.8,FALSE,2,"sulfate_uM",229.7,"NONE"
"2021-09-10",11.9,FALSE,1,"sulfate_uM",177.4,"NONE"
"2021-09-10",14.6,FALSE,1,"sulfate_uM",157.3,"NONE"
"2021-09-10",16.9,FALSE,1,"sulfate_uM",117.2,"NONE"
"2021-09-10",19.9,FALSE,1,"sulfate_uM",90.6,"NONE"
"2021-10-14",5.6,FALSE,1,"sulfate_uM",219.5,"NONE"
"2021-10-14",12.6,FALSE,1,"sulfate_uM",219.9,"NONE"
"2021-10-14",13.8,FALSE,1,"sulfate_uM",235.5,"NONE"
"2021-10-14",15.2,FALSE,1,"sulfate_uM",136.3,"NONE"
"2021-10-14",16.5,FALSE,1,"sulfate_uM",150.7,"NONE"
"2021-10-14",19.9,FALSE,1,"sulfate_uM",84.9,"NONE"
"2021-10-14",14.2,FALSE,1,"sulfate_uM",227.7,"NONE"
"2021-10-14",19.9,FALSE,2,"sulfate_uM",77.3,"NONE"
"2021-10-14",14.2,FALSE,2,"sulfate_uM",208.7,"NONE"
"2021-10-14",18.2,FALSE,1,"sulfate_uM",92.3,"NONE"
"2020-08-14",21.8,FALSE,1,"sulfide_uM",59.8,"NONE"
"2020-08-14",19.3,FALSE,1,"sulfide_uM",35.8,"NONE"
"2020-08-14",15.5,FALSE,1,"sulfide_uM",13.3,"NONE"
"2020-08-14",23.8,TRUE,1,"sulfide_uM",45.9,"NONE"
"2020-08-14",23.6,TRUE,1,"sulfide_uM",45.6,"NONE"
"2020-08-14",23.41,TRUE,1,"sulfide_uM",28.5,"NONE"
"2020-08-14",23.23,TRUE,1,"sulfide_uM",25,"NONE"
"2020-09-02",20.7,FALSE,1,"sulfide_uM",94.2,"NONE"
"2020-09-02",18.1,FALSE,1,"sulfide_uM",69.7,"NONE"
"2020-09-02",15.5,FALSE,1,"sulfide_uM",36.1,"NONE"
"2020-09-02",13.2,FALSE,1,"sulfide_uM",23,"NONE"
"2020-09-02",11,FALSE,1,"sulfide_uM",15.7,"NONE"
"2020-09-02",9.4,FALSE,1,"sulfide_uM",5.38,"NONE"
"2020-09-17",20.1,FALSE,1,"sulfide_uM",103,"NONE"
"2020-09-17",14.1,FALSE,1,"sulfide_uM",38.7,"NONE"
"2020-09-24",22.2,FALSE,1,"sulfide_uM",111,"NONE"
"2020-09-24",20.2,FALSE,1,"sulfide_uM",107,"NONE"
"2020-09-24",18.2,FALSE,1,"sulfide_uM",91.1,"NONE"
"2020-09-24",16.2,FALSE,1,"sulfide_uM",65.5,"NONE"
"2020-09-24",23.16,TRUE,1,"sulfide_uM",108,"NONE"
"2020-09-24",23.37,TRUE,1,"sulfide_uM",83.4,"NONE"
"2020-09-24",23.58,TRUE,1,"sulfide_uM",77.5,"NONE"
"2020-09-24",23.79,TRUE,1,"sulfide_uM",87.6,"NONE"
"2020-10-10",20.9,FALSE,1,"sulfide_uM",69.8,"NONE"
"2020-10-10",20.9,FALSE,2,"sulfide_uM",68.8,"NONE"
"2020-10-10",17.1,FALSE,1,"sulfide_uM",82.5,"NONE"
"2020-10-10",15.7,FALSE,1,"sulfide_uM",1.82,"NONE"
"2020-10-10",15.4,FALSE,1,"sulfide_uM",0,"<"
"2021-08-31",10,FALSE,1,"sulfide_uM",18.9,"NONE"
"2021-08-31",15,FALSE,1,"sulfide_uM",50.7,"NONE"
"2021-08-31",15,FALSE,2,"sulfide_uM",50.4,"NONE"
"2021-08-31",20,FALSE,1,"sulfide_uM",104,"NONE"
"2021-09-10",3,FALSE,1,"sulfide_uM",0.815,"<"
"2021-09-10",7.1,FALSE,1,"sulfide_uM",0.815,"<"
"2021-09-10",9.5,FALSE,1,"sulfide_uM",0.916,"<"
"2021-09-10",10.6,FALSE,1,"sulfide_uM",0.863,"<"
"2021-09-10",10.8,FALSE,1,"sulfide_uM",2.36,"NONE"
"2021-09-10",10.8,FALSE,2,"sulfide_uM",1.06,"NONE"
"2021-09-10",11.9,FALSE,1,"sulfide_uM",41.9,"NONE"
"2021-09-10",14.6,FALSE,1,"sulfide_uM",56.2,"NONE"
"2021-09-10",16.9,FALSE,1,"sulfide_uM",87.3,"NONE"
"2021-09-10",19.9,FALSE,1,"sulfide_uM",122,"NONE"
"2021-10-14",5.6,FALSE,1,"sulfide_uM",0.959,"<"
"2021-10-14",12.6,FALSE,1,"sulfide_uM",0.862,"<"
"2021-10-14",13.8,FALSE,1,"sulfide_uM",0.815,"<"
"2021-10-14",15.2,FALSE,1,"sulfide_uM",84.5,"NONE"
"2021-10-14",16.5,FALSE,1,"sulfide_uM",93,"NONE"
"2021-10-14",19.9,FALSE,1,"sulfide_uM",140,"NONE"
"2021-10-14",14.2,FALSE,1,"sulfide_uM",0.871,"<"
"2021-10-14",19.9,FALSE,2,"sulfide_uM",143,"NONE"
"2021-10-14",14.2,FALSE,2,"sulfide_uM",0.776,"<"
"2021-10-14",18.2,FALSE,1,"sulfide_uM",116,"NONE"
"2021-10-14",19.9,FALSE,1,"DOC_MG.L",4.18,"NONE"
"2021-10-14",19.9,FALSE,1,"SPM_MG.L",1.3776,"NONE"
"2021-10-14",19.9,FALSE,1,"PMHG_NG.L",0.018,"NONE"
"2021-10-14",19.9,FALSE,1,"FMHG_NG.L",0.54,"NONE"
"2021-10-14",19.9,FALSE,1,"PTHG_NG.L",0.155,"NONE"
"2021-10-14",19.9,FALSE,1,"FTHG_NG.L",1.41,"NONE"
"2021-10-14",19.9,FALSE,2,"DOC_MG.L",4.56,"NONE"
"2021-10-14",19.9,FALSE,2,"SPM_MG.L",1.5144,"NONE"
"2021-10-14",19.9,FALSE,2,"PMHG_NG.L",0.017,"NONE"
"2021-10-14",19.9,FALSE,2,"FMHG_NG.L",0.47,"NONE"
"2021-10-14",19.9,FALSE,2,"PTHG_NG.L",0.162,"NONE"
"2021-10-14",19.9,FALSE,2,"FTHG_NG.L",1.38,"NONE"
"2021-10-14",18.2,FALSE,1,"DOC_MG.L",4.24,"NONE"
"2021-10-14",18.2,FALSE,1,"SPM_MG.L",1.1152,"NONE"
"2021-10-14",18.2,FALSE,1,"PMHG_NG.L",0.015,"NONE"
"2021-10-14",18.2,FALSE,1,"FMHG_NG.L",0.49,"NONE"
"2021-10-14",18.2,FALSE,1,"PTHG_NG.L",0.154,"NONE"
"2021-10-14",18.2,FALSE,1,"FTHG_NG.L",1.15,"NONE"
"2021-10-14",16.5,FALSE,1,"DOC_MG.L",3.92,"NONE"
"2021-10-14",16.5,FALSE,1,"SPM_MG.L",1.2378,"NONE"
"2021-10-14",16.5,FALSE,1,"PMHG_NG.L",0.008,"NONE"
"2021-10-14",16.5,FALSE,1,"FMHG_NG.L",0.38,"NONE"
"2021-10-14",16.5,FALSE,1,"PTHG_NG.L",0.164,"NONE"
"2021-10-14",16.5,FALSE,1,"FTHG_NG.L",0.95,"NONE"
"2021-10-14",15.2,FALSE,1,"DOC_MG.L",3.95,"NONE"
"2021-10-14",15.2,FALSE,1,"SPM_MG.L",1.3258,"NONE"
"2021-10-14",15.2,FALSE,1,"PMHG_NG.L",0.009,"NONE"
"2021-10-14",15.2,FALSE,1,"FMHG_NG.L",0.37,"NONE"
"2021-10-14",15.2,FALSE,1,"PTHG_NG.L",0.116,"NONE"
"2021-10-14",15.2,FALSE,1,"FTHG_NG.L",0.96,"NONE"
"2021-10-14",14.2,FALSE,1,"DOC_MG.L",4.15,"NONE"
"2021-10-14",14.2,FALSE,1,"SPM_MG.L",3.7449,"NONE"
"2021-10-14",14.2,FALSE,1,"PMHG_NG.L",0.257,"NONE"
"2021-10-14",14.2,FALSE,1,"FMHG_NG.L",0.15,"NONE"
"2021-10-14",14.2,FALSE,1,"PTHG_NG.L",0.44,"NONE"
"2021-10-14",14.2,FALSE,1,"FTHG_NG.L",0.36,"NONE"
"2021-10-14",14.2,FALSE,2,"DOC_MG.L",4.13,"NONE"
"2021-10-14",14.2,FALSE,2,"SPM_MG.L",3.5907,"NONE"
"2021-10-14",14.2,FALSE,2,"PMHG_NG.L",0.216,"NONE"
"2021-10-14",14.2,FALSE,2,"FMHG_NG.L",0.13,"NONE"
"2021-10-14",14.2,FALSE,2,"PTHG_NG.L",0.439,"NONE"
"2021-10-14",14.2,FALSE,2,"FTHG_NG.L",0.42,"NONE"
"2021-10-14",13.8,FALSE,1,"DOC_MG.L",4.03,"NONE"
"2021-10-14",13.8,FALSE,1,"SPM_MG.L",3.3733,"NONE"
"2021-10-14",13.8,FALSE,1,"PMHG_NG.L",0.055,"NONE"
"2021-10-14",13.8,FALSE,1,"FMHG_NG.L",0.05,"NONE"
"2021-10-14",13.8,FALSE,1,"PTHG_NG.L",0.237,"NONE"
"2021-10-14",13.8,FALSE,1,"FTHG_NG.L",0.18,"NONE"
"2021-10-14",5.6,FALSE,1,"DOC_MG.L",4.1,"NONE"
"2021-10-14",5.6,FALSE,1,"SPM_MG.L",2.9779,"NONE"
"2021-10-14",5.6,FALSE,1,"PMHG_NG.L",0.028,"NONE"
"2021-10-14",5.6,FALSE,1,"FMHG_NG.L",0.04,"<"
"2021-10-14",5.6,FALSE,1,"PTHG_NG.L",0.286,"NONE"
"2021-10-14",5.6,FALSE,1,"FTHG_NG.L",0.12,"NONE"
"2021-10-14",12.6,FALSE,1,"DOC_MG.L",4.09,"NONE"
"2021-10-14",12.6,FALSE,1,"SPM_MG.L",3.2885,"NONE"
"2021-10-14",12.6,FALSE,1,"PMHG_NG.L",0.044,"NONE"
"2021-10-14",12.6,FALSE,1,"FMHG_NG.L",0.04,"<"
"2021-10-14",12.6,FALSE,1,"PTHG_NG.L",0.207,"NONE"
"2021-10-14",12.6,FALSE,1,"FTHG_NG.L",0.12,"NONE"
"2021-09-10",19.9,FALSE,1,"DOC_MG.L",4.46,"NONE"
"2021-09-10",19.9,FALSE,1,"SPM_MG.L",1.5392,"NONE"
"2021-09-10",19.9,FALSE,1,"PMHG_NG.L",0.008,"<"
"2021-09-10",19.9,FALSE,1,"FMHG_NG.L",0.37,"NONE"
"2021-09-10",19.9,FALSE,1,"PTHG_NG.L",0.092,"NONE"
"2021-09-10",19.9,FALSE,1,"FTHG_NG.L",1.22,"NONE"
"2021-09-10",19.9,FALSE,2,"DOC_MG.L",4.53,"NONE"
"2021-09-10",19.9,FALSE,2,"SPM_MG.L",1.5755,"NONE"
"2021-09-10",19.9,FALSE,2,"PMHG_NG.L",0.008,"<"
"2021-09-10",19.9,FALSE,2,"FMHG_NG.L",0.5,"NONE"
"2021-09-10",19.9,FALSE,2,"PTHG_NG.L",0.096,"NONE"
"2021-09-10",19.9,FALSE,2,"FTHG_NG.L",1.19,"NONE"
"2021-09-10",16.9,FALSE,1,"DOC_MG.L",4.53,"NONE"
"2021-09-10",16.9,FALSE,1,"SPM_MG.L",0.832,"NONE"
"2021-09-10",16.9,FALSE,1,"PMHG_NG.L",0.009,"NONE"
"2021-09-10",16.9,FALSE,1,"FMHG_NG.L",0.35,"NONE"
"2021-09-10",16.9,FALSE,1,"PTHG_NG.L",0.101,"NONE"
"2021-09-10",16.9,FALSE,1,"FTHG_NG.L",1.01,"NONE"
"2021-09-10",14.6,FALSE,1,"DOC_MG.L",4.34,"NONE"
"2021-09-10",14.6,FALSE,1,"SPM_MG.L",1.2162,"NONE"
"2021-09-10",14.6,FALSE,1,"PMHG_NG.L",0.008,"<"
"2021-09-10",14.6,FALSE,1,"FMHG_NG.L",0.27,"NONE"
"2021-09-10",14.6,FALSE,1,"PTHG_NG.L",0.069,"NONE"
"2021-09-10",14.6,FALSE,1,"FTHG_NG.L",0.71,"NONE"
"2021-09-10",11.9,FALSE,1,"DOC_MG.L",4.44,"NONE"
"2021-09-10",11.9,FALSE,1,"SPM_MG.L",1.3754,"NONE"
"2021-09-10",11.9,FALSE,1,"PMHG_NG.L",0.013,"NONE"
"2021-09-10",11.9,FALSE,1,"FMHG_NG.L",0.26,"NONE"
"2021-09-10",11.9,FALSE,1,"PTHG_NG.L",0.142,"NONE"
"2021-09-10",11.9,FALSE,1,"FTHG_NG.L",0.52,"NONE"
"2021-09-10",10.8,FALSE,1,"DOC_MG.L",4.46,"NONE"
"2021-09-10",10.8,FALSE,1,"SPM_MG.L",4.838,"NONE"
"2021-09-10",10.8,FALSE,1,"PMHG_NG.L",0.064,"NONE"
"2021-09-10",10.8,FALSE,1,"FMHG_NG.L",0.06,"NONE"
"2021-09-10",10.8,FALSE,1,"PTHG_NG.L",0.405,"NONE"
"2021-09-10",10.8,FALSE,1,"FTHG_NG.L",0.25,"NONE"
"2021-09-10",10.6,FALSE,1,"DOC_MG.L",4.28,"NONE"
"2021-09-10",10.6,FALSE,1,"SPM_MG.L",4.4358,"NONE"
"2021-09-10",10.6,FALSE,1,"PMHG_NG.L",0.059,"NONE"
"2021-09-10",10.6,FALSE,1,"FMHG_NG.L",0.04,"<"
"2021-09-10",10.6,FALSE,1,"PTHG_NG.L",0.287,"NONE"
"2021-09-10",10.6,FALSE,1,"FTHG_NG.L",0.21,"NONE"
"2021-09-10",9.5,FALSE,1,"DOC_MG.L",4.48,"NONE"
"2021-09-10",9.5,FALSE,1,"SPM_MG.L",4.2931,"NONE"
"2021-09-10",9.5,FALSE,1,"PMHG_NG.L",0.015,"NONE"
"2021-09-10",9.5,FALSE,1,"FMHG_NG.L",0.04,"<"
"2021-09-10",9.5,FALSE,1,"PTHG_NG.L",0.196,"NONE"
"2021-09-10",9.5,FALSE,1,"FTHG_NG.L",0.13,"NONE"
"2021-09-10",7.1,FALSE,1,"DOC_MG.L",4.65,"NONE"
"2021-09-10",7.1,FALSE,1,"SPM_MG.L",4.417,"NONE"
"2021-09-10",7.1,FALSE,1,"PMHG_NG.L",0.019,"NONE"
"2021-09-10",7.1,FALSE,1,"FMHG_NG.L",0.04,"<"
"2021-09-10",7.1,FALSE,1,"PTHG_NG.L",0.22,"NONE"
"2021-09-10",7.1,FALSE,1,"FTHG_NG.L",0.15,"NONE"
"2021-09-10",3,FALSE,1,"DOC_MG.L",4.7,"NONE"
"2021-09-10",3,FALSE,1,"SPM_MG.L",4.7879,"NONE"
"2021-09-10",3,FALSE,1,"PMHG_NG.L",0.015,"NONE"
"2021-09-10",3,FALSE,1,"FMHG_NG.L",0.04,"<"
"2021-09-10",3,FALSE,1,"PTHG_NG.L",0.204,"NONE"
"2021-09-10",3,FALSE,1,"FTHG_NG.L",0.19,"NONE"
"2021-09-10",0,FALSE,1,"DOC_MG.L",4.56,"NONE"
"2021-09-10",0,FALSE,1,"SPM_MG.L",5.6617,"NONE"
"2021-09-10",0,FALSE,1,"PMHG_NG.L",0.013,"NONE"
"2021-09-10",0,FALSE,1,"FMHG_NG.L",0.04,"<"
"2021-09-10",0,FALSE,1,"PTHG_NG.L",0.199,"NONE"
"2021-09-10",0,FALSE,1,"FTHG_NG.L",0.14,"NONE"
"2020-10-10",17.1,FALSE,1,"SPM_MG.L",1.7299,"NONE"
"2020-10-10",17.1,FALSE,1,"DOC_MG.L",4.32,"NONE"
"2020-10-10",17.1,FALSE,1,"PMHG_NG.L",0.136,"NONE"
"2020-10-10",17.1,FALSE,1,"PTHG_NG.L",0.317,"NONE"
"2020-10-10",17.1,FALSE,1,"FMHG_NG.L",0.73,"NONE"
"2020-10-10",17.1,FALSE,1,"FTHG_NG.L",0.94,"NONE"
"2020-10-10",20.9,FALSE,1,"DOC_MG.L",4.33,"NONE"
"2020-10-10",20.9,FALSE,1,"PMHG_NG.L",0.02,"NONE"
"2020-10-10",20.9,FALSE,1,"PTHG_NG.L",0.277,"NONE"
"2020-10-10",20.9,FALSE,1,"FMHG_NG.L",0.85,"NONE"
"2020-10-10",20.9,FALSE,1,"FTHG_NG.L",1.37,"NONE"
"2020-10-10",20.9,FALSE,1,"SPM_MG.L",1.8699,"NONE"
"2020-10-10",20.9,FALSE,2,"DOC_MG.L",4.32,"NONE"
"2020-10-10",20.9,FALSE,2,"PMHG_NG.L",0.014,"NONE"
"2020-10-10",20.9,FALSE,2,"PTHG_NG.L",0.233,"NONE"
"2020-10-10",20.9,FALSE,2,"FMHG_NG.L",0.67,"NONE"
"2020-10-10",20.9,FALSE,2,"FTHG_NG.L",1.37,"NONE"
"2020-10-10",15.7,FALSE,1,"SPM_MG.L",2.6261,"NONE"
"2020-10-10",15.7,FALSE,1,"DOC_MG.L",4.34,"NONE"
"2020-10-10",15.7,FALSE,1,"PMHG_NG.L",0.19,"NONE"
"2020-10-10",15.7,FALSE,1,"PTHG_NG.L",0.419,"NONE"
"2020-10-10",15.7,FALSE,1,"FMHG_NG.L",0.35,"NONE"
"2020-10-10",15.7,FALSE,1,"FTHG_NG.L",0.53,"NONE"
"2020-10-10",15.4,FALSE,1,"SPM_MG.L",2.9911,"NONE"
"2020-10-10",15.4,FALSE,1,"DOC_MG.L",4.34,"NONE"
"2020-10-10",15.4,FALSE,1,"PMHG_NG.L",0.105,"NONE"
"2020-10-10",15.4,FALSE,1,"PTHG_NG.L",0.299,"NONE"
"2020-10-10",15.4,FALSE,1,"FMHG_NG.L",0.19,"NONE"
"2020-10-10",15.4,FALSE,1,"FTHG_NG.L",0.36,"NONE"
"2020-09-24",23.16,TRUE,1,"FMHG_NG.L",0.81,"NONE"
"2020-09-24",23.16,TRUE,1,"FTHG_NG.L",1.14,"NONE"
"2020-09-24",23.37,TRUE,1,"FMHG_NG.L",0.8,"NONE"
"2020-09-24",23.37,TRUE,1,"FTHG_NG.L",1.08,"NONE"
"2020-09-24",23.57,TRUE,1,"FMHG_NG.L",0.87,"NONE"
"2020-09-24",23.57,TRUE,1,"FTHG_NG.L",1.11,"NONE"
"2020-09-24",23.79,TRUE,1,"FMHG_NG.L",0.7,"NONE"
"2020-09-24",23.79,TRUE,1,"FTHG_NG.L",0.99,"NONE"
"2020-09-24",20.2,FALSE,1,"DOC_MG.L",4.35,"NONE"
"2020-09-24",20.2,FALSE,1,"SPM_MG.L",2.7074,"NONE"
"2020-09-24",20.2,FALSE,1,"PMHG_NG.L",0.037,"NONE"
"2020-09-24",20.2,FALSE,1,"PTHG_NG.L",0.318,"NONE"
"2020-09-24",20.2,FALSE,1,"FMHG_NG.L",0.83,"NONE"
"2020-09-24",20.2,FALSE,1,"FTHG_NG.L",1.16,"NONE"
"2020-09-24",18.2,FALSE,1,"DOC_MG.L",4.45,"NONE"
"2020-09-24",18.2,FALSE,1,"SPM_MG.L",2.667,"NONE"
"2020-09-24",18.2,FALSE,1,"PMHG_NG.L",0.009,"NONE"
"2020-09-24",18.2,FALSE,1,"PTHG_NG.L",0.151,"NONE"
"2020-09-24",18.2,FALSE,1,"FMHG_NG.L",0.71,"NONE"
"2020-09-24",18.2,FALSE,1,"FTHG_NG.L",1.18,"NONE"
"2020-09-24",16.2,FALSE,1,"DOC_MG.L",4.43,"NONE"
"2020-09-24",16.2,FALSE,1,"SPM_MG.L",1.4962,"NONE"
"2020-09-24",16.2,FALSE,1,"PMHG_NG.L",0.048,"NONE"
"2020-09-24",16.2,FALSE,1,"PTHG_NG.L",0.224,"NONE"
"2020-09-24",16.2,FALSE,1,"FMHG_NG.L",0.73,"NONE"
"2020-09-24",16.2,FALSE,1,"FTHG_NG.L",0.89,"NONE"
"2020-09-24",22.2,FALSE,1,"DOC_MG.L",4.49,"NONE"
"2020-09-24",22.2,FALSE,1,"SPM_MG.L",2.21,"NONE"
"2020-09-24",22.2,FALSE,1,"PMHG_NG.L",0.024,"NONE"
"2020-09-24",22.2,FALSE,1,"PTHG_NG.L",0.226,"NONE"
"2020-09-24",22.2,FALSE,1,"FMHG_NG.L",0.92,"NONE"
"2020-09-24",22.2,FALSE,1,"FTHG_NG.L",1.46,"NONE"
"2020-09-02",20.7,FALSE,1,"DOC_MG.L",5.39,"NONE"
"2020-09-02",20.7,FALSE,1,"SPM_MG.L",1.7303,"NONE"
"2020-09-02",20.7,FALSE,1,"PMHG_NG.L",0.134,"NONE"
"2020-09-02",20.7,FALSE,1,"FMHG_NG.L",0.95,"NONE"
"2020-09-02",20.7,FALSE,1,"PTHG_NG.L",0.39,"NONE"
"2020-09-02",20.7,FALSE,1,"FTHG_NG.L",1.21,"NONE"
"2020-09-02",18.1,FALSE,1,"DOC_MG.L",5.31,"NONE"
"2020-09-02",18.1,FALSE,1,"SPM_MG.L",1.4868,"NONE"
"2020-09-02",18.1,FALSE,1,"PMHG_NG.L",0.108,"NONE"
"2020-09-02",18.1,FALSE,1,"PTHG_NG.L",0.362,"NONE"
"2020-09-02",18.1,FALSE,1,"FMHG_NG.L",0.78,"NONE"
"2020-09-02",18.1,FALSE,1,"FTHG_NG.L",1.03,"NONE"
"2020-09-02",15.5,FALSE,1,"DOC_MG.L",4.97,"NONE"
"2020-09-02",15.5,FALSE,1,"SPM_MG.L",1.1729,"NONE"
"2020-09-02",15.5,FALSE,1,"PMHG_NG.L",0.072,"NONE"
"2020-09-02",15.5,FALSE,1,"FMHG_NG.L",0.64,"NONE"
"2020-09-02",15.5,FALSE,1,"PTHG_NG.L",0.241,"NONE"
"2020-09-02",15.5,FALSE,1,"FTHG_NG.L",0.87,"NONE"
"2020-09-02",13.2,FALSE,1,"DOC_MG.L",4.92,"NONE"
"2020-09-02",13.2,FALSE,1,"SPM_MG.L",1.2661,"NONE"
"2020-09-02",13.2,FALSE,1,"PMHG_NG.L",0.065,"NONE"
"2020-09-02",13.2,FALSE,1,"PTHG_NG.L",0.219,"NONE"
"2020-09-02",13.2,FALSE,1,"FMHG_NG.L",0.36,"NONE"
"2020-09-02",13.2,FALSE,1,"FTHG_NG.L",0.5,"NONE"
"2020-09-02",11,FALSE,1,"DOC_MG.L",4.43,"NONE"
"2020-09-02",11,FALSE,1,"SPM_MG.L",2.0698,"NONE"
"2020-09-02",11,FALSE,1,"PMHG_NG.L",0.042,"NONE"
"2020-09-02",11,FALSE,1,"FMHG_NG.L",0.18,"NONE"
"2020-09-02",11,FALSE,1,"PTHG_NG.L",0.17,"NONE"
"2020-09-02",11,FALSE,1,"FTHG_NG.L",0.36,"NONE"
"2020-09-02",9.4,FALSE,1,"DOC_MG.L",4.76,"NONE"
"2020-09-02",9.4,FALSE,1,"SPM_MG.L",2.3162,"NONE"
"2020-09-02",9.4,FALSE,1,"PMHG_NG.L",0.027,"NONE"
"2020-09-02",9.4,FALSE,1,"PTHG_NG.L",0.147,"NONE"
"2020-09-02",9.4,FALSE,1,"FMHG_NG.L",0.08,"NONE"
"2020-09-02",9.4,FALSE,1,"FTHG_NG.L",0.2,"NONE"
"2020-09-02",9.4,FALSE,2,"SPM_MG.L",2.3794,"NONE"
"2020-09-02",9.4,FALSE,2,"PMHG_NG.L",0.021,"NONE"
"2020-09-02",9.4,FALSE,2,"PTHG_NG.L",0.154,"NONE"
"2020-09-02",9.4,FALSE,2,"FMHG_NG.L",0.08,"NONE"
"2020-09-02",9.4,FALSE,2,"FTHG_NG.L",0.18,"NONE"
"2020-08-14",15.5,FALSE,1,"DOC_MG.L",4.64,"NONE"
"2020-08-14",15.5,FALSE,1,"PMHG_NG.L",0.072,"NONE"
"2020-08-14",15.5,FALSE,1,"PTHG_NG.L",0.329,"NONE"
"2020-08-14",15.5,FALSE,1,"FMHG_NG.L",0.5,"NONE"
"2020-08-14",15.5,FALSE,1,"FTHG_NG.L",0.78,"NONE"
"2020-08-14",19.3,FALSE,1,"DOC_MG.L",4.71,"NONE"
"2020-08-14",19.3,FALSE,1,"PMHG_NG.L",0.114,"NONE"
"2020-08-14",19.3,FALSE,1,"PTHG_NG.L",0.373,"NONE"
"2020-08-14",19.3,FALSE,1,"FMHG_NG.L",0.84,"NONE"
"2020-08-14",19.3,FALSE,1,"FTHG_NG.L",1.08,"NONE"
"2020-08-14",21.8,FALSE,1,"DOC_MG.L",4.8,"NONE"
"2020-08-14",21.8,FALSE,1,"PMHG_NG.L",0.126,"NONE"
"2020-08-14",21.8,FALSE,1,"PTHG_NG.L",0.459,"NONE"
"2020-08-14",21.8,FALSE,1,"FMHG_NG.L",1.1,"NONE"
"2020-08-14",21.8,FALSE,1,"FTHG_NG.L",1.24,"NONE"
"2020-08-14",23.8,TRUE,1,"PMHG_NG.L",0.385,"NONE"
"2020-08-14",23.8,TRUE,1,"PTHG_NG.L",1.66,"NONE"
"2020-08-14",23.8,TRUE,1,"FMHG_NG.L",0.8,"NONE"
"2020-08-14",23.8,TRUE,1,"FTHG_NG.L",1,"NONE"
"2020-08-14",23.6,TRUE,1,"PMHG_NG.L",0.408,"NONE"
"2020-08-14",23.6,TRUE,1,"PTHG_NG.L",1.63,"NONE"
"2020-08-14",23.6,TRUE,1,"FMHG_NG.L",0.76,"NONE"
"2020-08-14",23.6,TRUE,1,"FTHG_NG.L",1.04,"NONE"
"2020-08-14",23.23,TRUE,1,"PMHG_NG.L",0.359,"NONE"
"2020-08-14",23.23,TRUE,1,"PTHG_NG.L",1.38,"NONE"
"2020-08-14",23.23,TRUE,1,"FMHG_NG.L",0.77,"NONE"
"2020-08-14",23.23,TRUE,1,"FTHG_NG.L",1.05,"NONE"
"2020-08-14",23.41,TRUE,1,"PMHG_NG.L",0.429,"NONE"
"2020-08-14",23.41,TRUE,1,"PTHG_NG.L",1.53,"NONE"
"2020-08-14",23.41,TRUE,1,"FMHG_NG.L",0.75,"NONE"
"2020-08-14",23.41,TRUE,1,"FTHG_NG.L",1.01,"NONE"
"2020-08-14",15.5,FALSE,1,"FiHg_NG.L",0.28,NA
"2020-08-14",19.3,FALSE,1,"FiHg_NG.L",0.24,NA
"2020-08-14",21.8,FALSE,1,"FiHg_NG.L",0.14,NA
"2020-08-14",23.23,TRUE,1,"FiHg_NG.L",0.28,NA
"2020-08-14",23.41,TRUE,1,"FiHg_NG.L",0.26,NA
"2020-08-14",23.6,TRUE,1,"FiHg_NG.L",0.28,NA
"2020-08-14",23.8,TRUE,1,"FiHg_NG.L",0.2,NA
"2020-09-02",18.1,FALSE,1,"FiHg_NG.L",0.25,NA
"2020-09-02",20.7,FALSE,1,"FiHg_NG.L",0.26,NA
"2020-09-02",9.4,FALSE,1,"FiHg_NG.L",0.1,NA
"2020-09-02",9.4,FALSE,2,"FiHg_NG.L",0.12,NA
"2020-09-02",11,FALSE,1,"FiHg_NG.L",0.18,NA
"2020-09-02",13.2,FALSE,1,"FiHg_NG.L",0.14,NA
"2020-09-02",15.5,FALSE,1,"FiHg_NG.L",0.23,NA
"2020-09-24",16.2,FALSE,1,"FiHg_NG.L",0.16,NA
"2020-09-24",18.2,FALSE,1,"FiHg_NG.L",0.47,NA
"2020-09-24",20.2,FALSE,1,"FiHg_NG.L",0.33,NA
"2020-09-24",22.2,FALSE,1,"FiHg_NG.L",0.54,NA
"2020-09-24",23.16,TRUE,1,"FiHg_NG.L",0.33,NA
"2020-09-24",23.37,TRUE,1,"FiHg_NG.L",0.28,NA
"2020-09-24",23.57,TRUE,1,"FiHg_NG.L",0.24,NA
"2020-09-24",23.79,TRUE,1,"FiHg_NG.L",0.29,NA
"2020-10-10",15.4,FALSE,1,"FiHg_NG.L",0.17,NA
"2020-10-10",15.7,FALSE,1,"FiHg_NG.L",0.18,NA
"2020-10-10",17.1,FALSE,1,"FiHg_NG.L",0.21,NA
"2020-10-10",20.9,FALSE,1,"FiHg_NG.L",0.52,NA
"2020-10-10",20.9,FALSE,2,"FiHg_NG.L",0.7,NA
"2021-09-10",0,FALSE,1,"FiHg_NG.L",0.1,NA
"2021-09-10",3,FALSE,1,"FiHg_NG.L",0.15,NA
"2021-09-10",7.1,FALSE,1,"FiHg_NG.L",0.11,NA
"2021-09-10",9.5,FALSE,1,"FiHg_NG.L",0.09,NA
"2021-09-10",10.6,FALSE,1,"FiHg_NG.L",0.17,NA
"2021-09-10",10.8,FALSE,1,"FiHg_NG.L",0.19,NA
"2021-09-10",11.9,FALSE,1,"FiHg_NG.L",0.26,NA
"2021-09-10",14.6,FALSE,1,"FiHg_NG.L",0.44,NA
"2021-09-10",16.9,FALSE,1,"FiHg_NG.L",0.66,NA
"2021-09-10",19.9,FALSE,1,"FiHg_NG.L",0.85,NA
"2021-09-10",19.9,FALSE,2,"FiHg_NG.L",0.69,NA
"2021-10-14",5.6,FALSE,1,"FiHg_NG.L",0.08,NA
"2021-10-14",12.6,FALSE,1,"FiHg_NG.L",0.08,NA
"2021-10-14",13.8,FALSE,1,"FiHg_NG.L",0.13,NA
"2021-10-14",14.2,FALSE,1,"FiHg_NG.L",0.21,NA
"2021-10-14",14.2,FALSE,2,"FiHg_NG.L",0.29,NA
"2021-10-14",15.2,FALSE,1,"FiHg_NG.L",0.59,NA
"2021-10-14",16.5,FALSE,1,"FiHg_NG.L",0.57,NA
"2021-10-14",18.2,FALSE,1,"FiHg_NG.L",0.66,NA
"2021-10-14",19.9,FALSE,1,"FiHg_NG.L",0.91,NA
"2021-10-14",19.9,FALSE,2,"FiHg_NG.L",0.87,NA
"2020-08-14",15.5,FALSE,1,"PiHg_NG.L",0.257,NA
"2020-08-14",19.3,FALSE,1,"PiHg_NG.L",0.259,NA
"2020-08-14",21.8,FALSE,1,"PiHg_NG.L",0.333,NA
"2020-08-14",23.23,TRUE,1,"PiHg_NG.L",1.021,NA
"2020-08-14",23.41,TRUE,1,"PiHg_NG.L",1.101,NA
"2020-08-14",23.6,TRUE,1,"PiHg_NG.L",1.222,NA
"2020-08-14",23.8,TRUE,1,"PiHg_NG.L",1.275,NA
"2020-09-02",18.1,FALSE,1,"PiHg_NG.L",0.254,NA
"2020-09-02",20.7,FALSE,1,"PiHg_NG.L",0.256,NA
"2020-09-02",9.4,FALSE,1,"PiHg_NG.L",0.133,NA
"2020-09-02",9.4,FALSE,2,"PiHg_NG.L",0.12,NA
"2020-09-02",11,FALSE,1,"PiHg_NG.L",0.128,NA
"2020-09-02",13.2,FALSE,1,"PiHg_NG.L",0.154,NA
"2020-09-02",15.5,FALSE,1,"PiHg_NG.L",0.169,NA
"2020-09-24",16.2,FALSE,1,"PiHg_NG.L",0.176,NA
"2020-09-24",18.2,FALSE,1,"PiHg_NG.L",0.142,NA
"2020-09-24",20.2,FALSE,1,"PiHg_NG.L",0.281,NA
"2020-09-24",22.2,FALSE,1,"PiHg_NG.L",0.202,NA
"2020-09-24",23.16,TRUE,1,"PiHg_NG.L",NA,NA
"2020-09-24",23.37,TRUE,1,"PiHg_NG.L",NA,NA
"2020-09-24",23.57,TRUE,1,"PiHg_NG.L",NA,NA
"2020-09-24",23.79,TRUE,1,"PiHg_NG.L",NA,NA
"2020-10-10",15.4,FALSE,1,"PiHg_NG.L",0.194,NA
"2020-10-10",15.7,FALSE,1,"PiHg_NG.L",0.229,NA
"2020-10-10",17.1,FALSE,1,"PiHg_NG.L",0.181,NA
"2020-10-10",20.9,FALSE,1,"PiHg_NG.L",0.257,NA
"2020-10-10",20.9,FALSE,2,"PiHg_NG.L",0.219,NA
"2021-09-10",0,FALSE,1,"PiHg_NG.L",0.186,NA
"2021-09-10",3,FALSE,1,"PiHg_NG.L",0.189,NA
"2021-09-10",7.1,FALSE,1,"PiHg_NG.L",0.201,NA
"2021-09-10",9.5,FALSE,1,"PiHg_NG.L",0.181,NA
"2021-09-10",10.6,FALSE,1,"PiHg_NG.L",0.228,NA
"2021-09-10",10.8,FALSE,1,"PiHg_NG.L",0.341,NA
"2021-09-10",11.9,FALSE,1,"PiHg_NG.L",0.129,NA
"2021-09-10",14.6,FALSE,1,"PiHg_NG.L",0.061,NA
"2021-09-10",16.9,FALSE,1,"PiHg_NG.L",0.092,NA
"2021-09-10",19.9,FALSE,1,"PiHg_NG.L",0.084,NA
"2021-09-10",19.9,FALSE,2,"PiHg_NG.L",0.088,NA
"2021-10-14",5.6,FALSE,1,"PiHg_NG.L",0.258,NA
"2021-10-14",12.6,FALSE,1,"PiHg_NG.L",0.163,NA
"2021-10-14",13.8,FALSE,1,"PiHg_NG.L",0.182,NA
"2021-10-14",14.2,FALSE,1,"PiHg_NG.L",0.183,NA
"2021-10-14",14.2,FALSE,2,"PiHg_NG.L",0.223,NA
"2021-10-14",15.2,FALSE,1,"PiHg_NG.L",0.107,NA
"2021-10-14",16.5,FALSE,1,"PiHg_NG.L",0.156,NA
"2021-10-14",18.2,FALSE,1,"PiHg_NG.L",0.139,NA
"2021-10-14",19.9,FALSE,1,"PiHg_NG.L",0.145,NA
"2021-10-14",19.9,FALSE,2,"PiHg_NG.L",0.137,NA
"2020-08-14",15.5,FALSE,1,"perFMHG",64.1,"NONE"
"2020-08-14",19.3,FALSE,1,"perFMHG",77.8,"NONE"
"2020-08-14",21.8,FALSE,1,"perFMHG",88.7,"NONE"
"2020-08-14",23.23,TRUE,1,"perFMHG",73.3,"NONE"
"2020-08-14",23.41,TRUE,1,"perFMHG",74.3,"NONE"
"2020-08-14",23.6,TRUE,1,"perFMHG",73.1,"NONE"
"2020-08-14",23.8,TRUE,1,"perFMHG",80,"NONE"
"2020-09-02",18.1,FALSE,1,"perFMHG",75.7,"NONE"
"2020-09-02",20.7,FALSE,1,"perFMHG",78.5,"NONE"
"2020-09-02",9.4,FALSE,1,"perFMHG",44.4,"NONE"
"2020-09-02",9.4,FALSE,2,"perFMHG",40,"NONE"
"2020-09-02",11,FALSE,1,"perFMHG",50,"NONE"
"2020-09-02",13.2,FALSE,1,"perFMHG",72,"NONE"
"2020-09-02",15.5,FALSE,1,"perFMHG",73.6,"NONE"
"2020-09-24",16.2,FALSE,1,"perFMHG",82,"NONE"
"2020-09-24",18.2,FALSE,1,"perFMHG",60.2,"NONE"
"2020-09-24",20.2,FALSE,1,"perFMHG",71.6,"NONE"
"2020-09-24",22.2,FALSE,1,"perFMHG",63,"NONE"
"2020-09-24",23.16,TRUE,1,"perFMHG",71.1,"NONE"
"2020-09-24",23.37,TRUE,1,"perFMHG",74.1,"NONE"
"2020-09-24",23.57,TRUE,1,"perFMHG",78.4,"NONE"
"2020-09-24",23.79,TRUE,1,"perFMHG",70.7,"NONE"
"2020-10-10",15.4,FALSE,1,"perFMHG",52.8,"NONE"
"2020-10-10",15.7,FALSE,1,"perFMHG",66,"NONE"
"2020-10-10",17.1,FALSE,1,"perFMHG",77.7,"NONE"
"2020-10-10",20.9,FALSE,1,"perFMHG",62,"NONE"
"2020-10-10",20.9,FALSE,2,"perFMHG",48.9,"NONE"
"2021-09-10",10.8,FALSE,1,"perFMHG",24,"NONE"
"2021-09-10",11.9,FALSE,1,"perFMHG",50,"NONE"
"2021-09-10",14.6,FALSE,1,"perFMHG",38,"NONE"
"2021-09-10",16.9,FALSE,1,"perFMHG",34.7,"NONE"
"2021-09-10",19.9,FALSE,1,"perFMHG",30.3,"NONE"
"2021-09-10",19.9,FALSE,2,"perFMHG",42,"NONE"
"2021-10-14",13.8,FALSE,1,"perFMHG",27.8,"NONE"
"2021-10-14",14.2,FALSE,1,"perFMHG",41.7,"NONE"
"2021-10-14",14.2,FALSE,2,"perFMHG",31,"NONE"
"2021-10-14",15.2,FALSE,1,"perFMHG",38.5,"NONE"
"2021-10-14",16.5,FALSE,1,"perFMHG",40,"NONE"
"2021-10-14",18.2,FALSE,1,"perFMHG",42.6,"NONE"
"2021-10-14",19.9,FALSE,1,"perFMHG",34.1,"NONE"
"2021-10-14",19.9,FALSE,2,"perFMHG",38.3,"NONE"
"2020-08-14",15.5,FALSE,1,"perPMHG",21.9,"NONE"
"2020-08-14",19.3,FALSE,1,"perPMHG",30.6,"NONE"
"2020-08-14",21.8,FALSE,1,"perPMHG",27.5,"NONE"
"2020-08-14",23.23,TRUE,1,"perPMHG",26,"NONE"
"2020-08-14",23.41,TRUE,1,"perPMHG",28,"NONE"
"2020-08-14",23.6,TRUE,1,"perPMHG",25,"NONE"
"2020-08-14",23.8,TRUE,1,"perPMHG",23.2,"NONE"
"2020-09-02",18.1,FALSE,1,"perPMHG",29.8,"NONE"
"2020-09-02",20.7,FALSE,1,"perPMHG",34.4,"NONE"
"2020-09-02",9.4,FALSE,1,"perPMHG",13.6,"NONE"
"2020-09-02",9.4,FALSE,2,"perPMHG",18.4,"NONE"
"2020-09-02",11,FALSE,1,"perPMHG",24.7,"NONE"
"2020-09-02",13.2,FALSE,1,"perPMHG",29.7,"NONE"
"2020-09-02",15.5,FALSE,1,"perPMHG",29.9,"NONE"
"2020-09-24",16.2,FALSE,1,"perPMHG",21.4,"NONE"
"2020-09-24",18.2,FALSE,1,"perPMHG",6,"NONE"
"2020-09-24",20.2,FALSE,1,"perPMHG",11.6,"NONE"
"2020-09-24",22.2,FALSE,1,"perPMHG",10.6,"NONE"
"2020-10-10",15.4,FALSE,1,"perPMHG",35.1,"NONE"
"2020-10-10",15.7,FALSE,1,"perPMHG",45.3,"NONE"
"2020-10-10",17.1,FALSE,1,"perPMHG",42.9,"NONE"
"2020-10-10",20.9,FALSE,1,"perPMHG",7.2,"NONE"
"2020-10-10",20.9,FALSE,2,"perPMHG",6,"NONE"
"2021-09-10",0,FALSE,1,"perPMHG",6.5,"NONE"
"2021-09-10",3,FALSE,1,"perPMHG",7.4,"NONE"
"2021-09-10",7.1,FALSE,1,"perPMHG",8.6,"NONE"
"2021-09-10",9.5,FALSE,1,"perPMHG",7.7,"NONE"
"2021-09-10",10.6,FALSE,1,"perPMHG",20.6,"NONE"
"2021-09-10",10.8,FALSE,1,"perPMHG",15.8,"NONE"
"2021-09-10",11.9,FALSE,1,"perPMHG",9.2,"NONE"
"2021-09-10",16.9,FALSE,1,"perPMHG",8.9,"NONE"
"2021-10-14",5.6,FALSE,1,"perPMHG",9.8,"NONE"
"2021-10-14",12.6,FALSE,1,"perPMHG",21.3,"NONE"
"2021-10-14",13.8,FALSE,1,"perPMHG",23.2,"NONE"
"2021-10-14",14.2,FALSE,1,"perPMHG",58.4,"NONE"
"2021-10-14",14.2,FALSE,2,"perPMHG",49.2,"NONE"
"2021-10-14",15.2,FALSE,1,"perPMHG",7.8,"NONE"
"2021-10-14",16.5,FALSE,1,"perPMHG",4.9,"NONE"
"2021-10-14",18.2,FALSE,1,"perPMHG",9.7,"NONE"
"2021-10-14",19.9,FALSE,1,"perPMHG",10.5,"NONE"
"2021-10-14",19.9,FALSE,2,"perPMHG",11.6,"NONE"
"2020-09-02",18.1,FALSE,1,"PMHG_NG.G",72.6,"NONE"
"2020-09-02",20.7,FALSE,1,"PMHG_NG.G",77.4,"NONE"
"2020-09-02",9.4,FALSE,1,"PMHG_NG.G",8.8,"NONE"
"2020-09-02",9.4,FALSE,2,"PMHG_NG.G",11.7,"NONE"
"2020-09-02",11,FALSE,1,"PMHG_NG.G",20.3,"NONE"
"2020-09-02",13.2,FALSE,1,"PMHG_NG.G",51.3,"NONE"
"2020-09-02",15.5,FALSE,1,"PMHG_NG.G",61.4,"NONE"
"2020-09-24",16.2,FALSE,1,"PMHG_NG.G",32.1,"NONE"
"2020-09-24",18.2,FALSE,1,"PMHG_NG.G",3.4,"NONE"
"2020-09-24",20.2,FALSE,1,"PMHG_NG.G",13.7,"NONE"
"2020-09-24",22.2,FALSE,1,"PMHG_NG.G",10.9,"NONE"
"2020-10-10",15.4,FALSE,1,"PMHG_NG.G",35.1,"NONE"
"2020-10-10",15.7,FALSE,1,"PMHG_NG.G",72.4,"NONE"
"2020-10-10",17.1,FALSE,1,"PMHG_NG.G",78.6,"NONE"
"2020-10-10",20.9,FALSE,1,"PMHG_NG.G",7.5,"NONE"
"2021-09-10",0,FALSE,1,"PMHG_NG.G",2.3,"NONE"
"2021-09-10",3,FALSE,1,"PMHG_NG.G",3.1,"NONE"
"2021-09-10",7.1,FALSE,1,"PMHG_NG.G",4.3,"NONE"
"2021-09-10",9.5,FALSE,1,"PMHG_NG.G",3.5,"NONE"
"2021-09-10",10.6,FALSE,1,"PMHG_NG.G",13.3,"NONE"
"2021-09-10",10.8,FALSE,1,"PMHG_NG.G",13.2,"NONE"
"2021-09-10",11.9,FALSE,1,"PMHG_NG.G",9.5,"NONE"
"2021-09-10",14.6,FALSE,1,"PMHG_NG.G",6.6,"NONE"
"2021-09-10",16.9,FALSE,1,"PMHG_NG.G",10.8,"NONE"
"2021-09-10",19.9,FALSE,1,"PMHG_NG.G",5.2,"NONE"
"2021-09-10",19.9,FALSE,2,"PMHG_NG.G",5.1,"NONE"
"2021-10-14",5.6,FALSE,1,"PMHG_NG.G",9.4,"NONE"
"2021-10-14",12.6,FALSE,1,"PMHG_NG.G",13.4,"NONE"
"2021-10-14",13.8,FALSE,1,"PMHG_NG.G",16.3,"NONE"
"2021-10-14",14.2,FALSE,1,"PMHG_NG.G",68.6,"NONE"
"2021-10-14",14.2,FALSE,2,"PMHG_NG.G",60.2,"NONE"
"2021-10-14",15.2,FALSE,1,"PMHG_NG.G",6.8,"NONE"
"2021-10-14",16.5,FALSE,1,"PMHG_NG.G",6.5,"NONE"
"2021-10-14",18.2,FALSE,1,"PMHG_NG.G",13.5,"NONE"
"2021-10-14",19.9,FALSE,1,"PMHG_NG.G",11.2,"NONE"
"2021-10-14",19.9,FALSE,2,"PMHG_NG.G",13.1,"NONE"
"2020-09-02",18.1,FALSE,1,"PTHG_NG.G",243.5,"NONE"
"2020-09-02",20.7,FALSE,1,"PTHG_NG.G",225.4,"NONE"
"2020-09-02",9.4,FALSE,1,"PTHG_NG.G",64.7,"NONE"
"2020-09-02",9.4,FALSE,2,"PTHG_NG.G",63.5,"NONE"
"2020-09-02",11,FALSE,1,"PTHG_NG.G",82.1,"NONE"
"2020-09-02",13.2,FALSE,1,"PTHG_NG.G",173,"NONE"
"2020-09-02",15.5,FALSE,1,"PTHG_NG.G",205.5,"NONE"
"2020-09-24",16.2,FALSE,1,"PTHG_NG.G",149.7,"NONE"
"2020-09-24",18.2,FALSE,1,"PTHG_NG.G",56.6,"NONE"
"2020-09-24",20.2,FALSE,1,"PTHG_NG.G",117.5,"NONE"
"2020-09-24",22.2,FALSE,1,"PTHG_NG.G",102.3,"NONE"
"2020-10-10",15.4,FALSE,1,"PTHG_NG.G",100,"NONE"
"2020-10-10",15.7,FALSE,1,"PTHG_NG.G",159.6,"NONE"
"2020-10-10",17.1,FALSE,1,"PTHG_NG.G",183.2,"NONE"
"2020-10-10",20.9,FALSE,1,"PTHG_NG.G",124.6,"NONE"
"2021-09-10",0,FALSE,1,"PTHG_NG.G",35.1,"NONE"
"2021-09-10",3,FALSE,1,"PTHG_NG.G",42.6,"NONE"
"2021-09-10",7.1,FALSE,1,"PTHG_NG.G",49.8,"NONE"
"2021-09-10",9.5,FALSE,1,"PTHG_NG.G",45.7,"NONE"
"2021-09-10",10.6,FALSE,1,"PTHG_NG.G",64.7,"NONE"
"2021-09-10",10.8,FALSE,1,"PTHG_NG.G",83.7,"NONE"
"2021-09-10",11.9,FALSE,1,"PTHG_NG.G",103.2,"NONE"
"2021-09-10",14.6,FALSE,1,"PTHG_NG.G",56.7,"NONE"
"2021-09-10",16.9,FALSE,1,"PTHG_NG.G",121.4,"NONE"
"2021-09-10",19.9,FALSE,1,"PTHG_NG.G",59.8,"NONE"
"2021-09-10",19.9,FALSE,2,"PTHG_NG.G",60.9,"NONE"
"2021-10-14",5.6,FALSE,1,"PTHG_NG.G",96,"NONE"
"2021-10-14",12.6,FALSE,1,"PTHG_NG.G",62.9,"NONE"
"2021-10-14",13.8,FALSE,1,"PTHG_NG.G",70.3,"NONE"
"2021-10-14",14.2,FALSE,1,"PTHG_NG.G",117.5,"NONE"
"2021-10-14",14.2,FALSE,2,"PTHG_NG.G",122.3,"NONE"
"2021-10-14",15.2,FALSE,1,"PTHG_NG.G",87.5,"NONE"
"2021-10-14",16.5,FALSE,1,"PTHG_NG.G",132.5,"NONE"
"2021-10-14",18.2,FALSE,1,"PTHG_NG.G",138.1,"NONE"
"2021-10-14",19.9,FALSE,1,"PTHG_NG.G",107,"NONE"
"2021-10-14",19.9,FALSE,2,"PTHG_NG.G",112.5,"NONE"
"2020-09-02",18.1,FALSE,1,"PiHG_NG.G",170.8,"NONE"
"2020-09-02",20.7,FALSE,1,"PiHG_NG.G",148,"NONE"
"2020-09-02",9.4,FALSE,1,"PiHG_NG.G",55.9,"NONE"
"2020-09-02",9.4,FALSE,2,"PiHG_NG.G",51.8,"NONE"
"2020-09-02",11,FALSE,1,"PiHG_NG.G",61.8,"NONE"
"2020-09-02",13.2,FALSE,1,"PiHG_NG.G",121.6,"NONE"
"2020-09-02",15.5,FALSE,1,"PiHG_NG.G",144.1,"NONE"
"2020-09-24",16.2,FALSE,1,"PiHG_NG.G",117.6,"NONE"
"2020-09-24",18.2,FALSE,1,"PiHG_NG.G",53.2,"NONE"
"2020-09-24",20.2,FALSE,1,"PiHG_NG.G",103.8,"NONE"
"2020-09-24",22.2,FALSE,1,"PiHG_NG.G",91.4,"NONE"
"2020-10-10",15.4,FALSE,1,"PiHG_NG.G",64.9,"NONE"
"2020-10-10",15.7,FALSE,1,"PiHG_NG.G",87.2,"NONE"
"2020-10-10",17.1,FALSE,1,"PiHG_NG.G",104.6,"NONE"
"2020-10-10",20.9,FALSE,1,"PiHG_NG.G",117.1,"NONE"
"2021-09-10",0,FALSE,1,"PiHG_NG.G",32.9,"NONE"
"2021-09-10",3,FALSE,1,"PiHG_NG.G",39.5,"NONE"
"2021-09-10",7.1,FALSE,1,"PiHG_NG.G",45.5,"NONE"
"2021-09-10",9.5,FALSE,1,"PiHG_NG.G",42.2,"NONE"
"2021-09-10",10.6,FALSE,1,"PiHG_NG.G",51.4,"NONE"
"2021-09-10",10.8,FALSE,1,"PiHG_NG.G",70.5,"NONE"
"2021-09-10",11.9,FALSE,1,"PiHG_NG.G",93.8,"NONE"
"2021-09-10",14.6,FALSE,1,"PiHG_NG.G",50.2,"NONE"
"2021-09-10",16.9,FALSE,1,"PiHG_NG.G",110.6,"NONE"
"2021-09-10",19.9,FALSE,1,"PiHG_NG.G",54.6,"NONE"
"2021-09-10",19.9,FALSE,2,"PiHG_NG.G",55.9,"NONE"
"2021-10-14",5.6,FALSE,1,"PiHG_NG.G",86.6,"NONE"
"2021-10-14",12.6,FALSE,1,"PiHG_NG.G",49.6,"NONE"
"2021-10-14",13.8,FALSE,1,"PiHG_NG.G",54,"NONE"
"2021-10-14",14.2,FALSE,1,"PiHG_NG.G",48.9,"NONE"
"2021-10-14",14.2,FALSE,2,"PiHG_NG.G",62.1,"NONE"
"2021-10-14",15.2,FALSE,1,"PiHG_NG.G",80.7,"NONE"
"2021-10-14",16.5,FALSE,1,"PiHG_NG.G",126,"NONE"
"2021-10-14",18.2,FALSE,1,"PiHG_NG.G",124.6,"NONE"
"2021-10-14",19.9,FALSE,1,"PiHG_NG.G",95.7,"NONE"
"2021-10-14",19.9,FALSE,2,"PiHG_NG.G",99.4,"NONE"
"2021-09-10",3,FALSE,1,"DGM_NG.L",0.03,NA
"2021-09-10",3,FALSE,2,"DGM_NG.L",0.034,NA
"2021-09-10",7.1,FALSE,1,"DGM_NG.L",0.034,NA
"2021-09-10",9.5,FALSE,1,"DGM_NG.L",0.032,NA
"2021-09-10",10.6,FALSE,1,"DGM_NG.L",0.006,NA
"2021-09-10",10.8,FALSE,1,"DGM_NG.L",0.003,NA
"2021-09-10",10.8,FALSE,2,"DGM_NG.L",0.008,NA
"2021-09-10",11.9,FALSE,1,"DGM_NG.L",0.003,NA
"2021-09-10",11.9,FALSE,2,"DGM_NG.L",0.007,NA
"2021-09-10",14.6,FALSE,1,"DGM_NG.L",0.001,NA
"2021-09-10",14.6,FALSE,2,"DGM_NG.L",0.002,NA
"2021-09-10",16.9,FALSE,1,"DGM_NG.L",0.004,NA
"2021-09-10",19.9,FALSE,1,"DGM_NG.L",0.01,NA
"2021-09-10",19.9,FALSE,2,"DGM_NG.L",0.004,NA
"2021-10-14",5.6,FALSE,1,"DGM_NG.L",0.01,NA
"2021-10-14",5.6,FALSE,2,"DGM_NG.L",0.011,NA
"2021-10-14",12.6,FALSE,1,"DGM_NG.L",0.008,NA
"2021-10-14",13.8,FALSE,1,"DGM_NG.L",0.006,NA
"2021-10-14",14.2,FALSE,1,"DGM_NG.L",0.016,NA
"2021-10-14",14.2,FALSE,2,"DGM_NG.L",0.018,NA
"2021-10-14",15.2,FALSE,1,"DGM_NG.L",0.003,NA
"2021-10-14",16.5,FALSE,1,"DGM_NG.L",0.006,NA
"2021-10-14",16.5,FALSE,2,"DGM_NG.L",0.006,NA
"2021-10-14",18.2,FALSE,1,"DGM_NG.L",0.015,NA
"2021-10-14",19.9,FALSE,1,"DGM_NG.L",0.005,NA
"2021-10-14",19.9,FALSE,2,"DGM_NG.L",0.007,NA
