sulfurID,S_conc_uM,incubationID,sampleID,tripID,depth,startDate,dateCollected,filtered,amendment,incubationTimePoint,treatment,durationInDays
BLI20_TS_017,13.7,BLI20_MA_019,BLiMMP_sample_0048,BLiMMP_trip_010,15.5,2020-09-02,2020-09-03,yes,unamended,t1,filtered-unamended,0.830556
BLI20_TS_017,13.7,BLI20_MA_019,BLiMMP_sample_0048,BLiMMP_trip_010,15.5,2020-09-02,2020-09-03,yes,unamended,t1,filtered-unamended,0.830556
BLI20_TS_018,28,BLI20_MA_018,BLiMMP_sample_0048,BLiMMP_trip_010,15.5,2020-09-02,2020-09-03,no,molybdate,t1,unfiltered-molybdate,0.831944
BLI20_TS_018,28,BLI20_MA_018,BLiMMP_sample_0048,BLiMMP_trip_010,15.5,2020-09-02,2020-09-03,no,molybdate,t1,unfiltered-molybdate,0.831944
BLI20_TS_019,23.3,BLI20_MA_011,BLiMMP_sample_0048,BLiMMP_trip_010,15.5,2020-09-02,2020-09-03,no,unamended,t1,unfiltered-unamended,0.811806
BLI20_TS_019,23.3,BLI20_MA_011,BLiMMP_sample_0048,BLiMMP_trip_010,15.5,2020-09-02,2020-09-03,no,unamended,t1,unfiltered-unamended,0.811806
BLI20_TS_020,33,BLI20_MA_014,BLiMMP_sample_0048,BLiMMP_trip_010,15.5,2020-09-02,2020-09-03,no,molybdate,t1,unfiltered-molybdate,0.820833
BLI20_TS_020,33,BLI20_MA_014,BLiMMP_sample_0048,BLiMMP_trip_010,15.5,2020-09-02,2020-09-03,no,molybdate,t1,unfiltered-molybdate,0.820833
BLI20_TS_021,30.6,BLI20_MA_016,BLiMMP_sample_0048,BLiMMP_trip_010,15.5,2020-09-02,2020-09-03,no,molybdate,t1,unfiltered-molybdate,0.835417
BLI20_TS_021,30.6,BLI20_MA_016,BLiMMP_sample_0048,BLiMMP_trip_010,15.5,2020-09-02,2020-09-03,no,molybdate,t1,unfiltered-molybdate,0.835417
BLI20_TS_022,32.7,BLI20_MA_017,BLiMMP_sample_0048,BLiMMP_trip_010,15.5,2020-09-02,2020-09-03,no,unamended,t1,unfiltered-unamended,0.834028
BLI20_TS_022,32.7,BLI20_MA_017,BLiMMP_sample_0048,BLiMMP_trip_010,15.5,2020-09-02,2020-09-03,no,unamended,t1,unfiltered-unamended,0.834028
BLI20_TS_023,15.8,BLI20_MA_020,BLiMMP_sample_0048,BLiMMP_trip_010,15.5,2020-09-02,2020-09-03,yes,unamended,t1,filtered-unamended,0.851389
BLI20_TS_023,15.8,BLI20_MA_020,BLiMMP_sample_0048,BLiMMP_trip_010,15.5,2020-09-02,2020-09-03,yes,unamended,t1,filtered-unamended,0.851389
BLI20_TS_024,34.2,BLI20_MA_015,BLiMMP_sample_0048,BLiMMP_trip_010,15.5,2020-09-02,2020-09-03,no,unamended,t1,unfiltered-unamended,0.836111
BLI20_TS_024,34.2,BLI20_MA_015,BLiMMP_sample_0048,BLiMMP_trip_010,15.5,2020-09-02,2020-09-03,no,unamended,t1,unfiltered-unamended,0.836111
BLI20_TS_025,34.3,BLI20_MA_013,BLiMMP_sample_0048,BLiMMP_trip_010,15.5,2020-09-02,2020-09-03,no,unamended,t1,unfiltered-unamended,0.834722
BLI20_TS_025,34.3,BLI20_MA_013,BLiMMP_sample_0048,BLiMMP_trip_010,15.5,2020-09-02,2020-09-03,no,unamended,t1,unfiltered-unamended,0.834722
BLI20_TS_026,37.8,BLI20_MA_012,BLiMMP_sample_0048,BLiMMP_trip_010,15.5,2020-09-02,2020-09-03,no,molybdate,t1,unfiltered-molybdate,0.829861
BLI20_TS_026,37.8,BLI20_MA_012,BLiMMP_sample_0048,BLiMMP_trip_010,15.5,2020-09-02,2020-09-03,no,molybdate,t1,unfiltered-molybdate,0.829861
BLI20_TS_027,0.118,BLI20_MA_021,BLiMMP_sample_0050,BLiMMP_trip_010,11,2020-09-02,2020-09-03,no,unamended,t1,unfiltered-unamended,0.879861
BLI20_TS_027,0.118,BLI20_MA_021,BLiMMP_sample_0050,BLiMMP_trip_010,11,2020-09-02,2020-09-03,no,unamended,t1,unfiltered-unamended,0.879861
BLI20_TS_028,0,BLI20_MA_022,BLiMMP_sample_0050,BLiMMP_trip_010,11,2020-09-02,2020-09-03,no,molybdate,t1,unfiltered-molybdate,0.886806
BLI20_TS_028,0,BLI20_MA_022,BLiMMP_sample_0050,BLiMMP_trip_010,11,2020-09-02,2020-09-03,no,molybdate,t1,unfiltered-molybdate,0.886806
BLI20_TS_029,0,BLI20_MA_023,BLiMMP_sample_0050,BLiMMP_trip_010,11,2020-09-02,2020-09-03,no,unamended,t1,unfiltered-unamended,0.893056
BLI20_TS_029,0,BLI20_MA_023,BLiMMP_sample_0050,BLiMMP_trip_010,11,2020-09-02,2020-09-03,no,unamended,t1,unfiltered-unamended,0.893056
BLI20_TS_030,0,BLI20_MA_024,BLiMMP_sample_0050,BLiMMP_trip_010,11,2020-09-02,2020-09-03,no,molybdate,t1,unfiltered-molybdate,0.899306
BLI20_TS_030,0,BLI20_MA_024,BLiMMP_sample_0050,BLiMMP_trip_010,11,2020-09-02,2020-09-03,no,molybdate,t1,unfiltered-molybdate,0.899306
BLI20_TS_031,0,BLI20_MA_025,BLiMMP_sample_0050,BLiMMP_trip_010,11,2020-09-02,2020-09-03,no,unamended,t1,unfiltered-unamended,0.902778
BLI20_TS_031,0,BLI20_MA_025,BLiMMP_sample_0050,BLiMMP_trip_010,11,2020-09-02,2020-09-03,no,unamended,t1,unfiltered-unamended,0.902778
BLI20_TS_032,0,BLI20_MA_027,BLiMMP_sample_0050,BLiMMP_trip_010,11,2020-09-02,2020-09-03,no,unamended,t1,unfiltered-unamended,0.911806
BLI20_TS_032,0,BLI20_MA_027,BLiMMP_sample_0050,BLiMMP_trip_010,11,2020-09-02,2020-09-03,no,unamended,t1,unfiltered-unamended,0.911806
BLI20_TS_033,0,BLI20_MA_026,BLiMMP_sample_0050,BLiMMP_trip_010,11,2020-09-02,2020-09-03,no,molybdate,t1,unfiltered-molybdate,0.911111
BLI20_TS_033,0,BLI20_MA_026,BLiMMP_sample_0050,BLiMMP_trip_010,11,2020-09-02,2020-09-03,no,molybdate,t1,unfiltered-molybdate,0.911111
BLI20_TS_034,0,BLI20_MA_028,BLiMMP_sample_0050,BLiMMP_trip_010,11,2020-09-02,2020-09-03,yes,unamended,t1,filtered-unamended,0.920139
BLI20_TS_034,0,BLI20_MA_028,BLiMMP_sample_0050,BLiMMP_trip_010,11,2020-09-02,2020-09-03,yes,unamended,t1,filtered-unamended,0.920139
BLI20_TS_035,0,BLI20_MA_029,BLiMMP_sample_0050,BLiMMP_trip_010,11,2020-09-02,2020-09-03,yes,unamended,t1,filtered-unamended,0.927083
BLI20_TS_035,0,BLI20_MA_029,BLiMMP_sample_0050,BLiMMP_trip_010,11,2020-09-02,2020-09-03,yes,unamended,t1,filtered-unamended,0.927083
BLI20_TS_036,0,BLI20_MA_030,BLiMMP_sample_0050,BLiMMP_trip_010,11,2020-09-02,2020-09-03,no,unamended,t1,unfiltered-unamended,0.934028
BLI20_TS_036,0,BLI20_MA_030,BLiMMP_sample_0050,BLiMMP_trip_010,11,2020-09-02,2020-09-03,no,unamended,t1,unfiltered-unamended,0.934028
BLI20_TS_037,36.4,BLI20_MA_008,BLiMMP_sample_0046,BLiMMP_trip_010,20.7,2020-09-02,2020-09-02,no,molybdate,t1,unfiltered-molybdate,0.870833
BLI20_TS_037,36.4,BLI20_MA_008,BLiMMP_sample_0046,BLiMMP_trip_010,20.7,2020-09-02,2020-09-02,no,molybdate,t1,unfiltered-molybdate,0.870833
BLI20_TS_038,20.5,BLI20_MA_010,BLiMMP_sample_0046,BLiMMP_trip_010,20.7,2020-09-02,2020-09-02,yes,unamended,t1,filtered-unamended,0.867361
BLI20_TS_038,20.5,BLI20_MA_010,BLiMMP_sample_0046,BLiMMP_trip_010,20.7,2020-09-02,2020-09-02,yes,unamended,t1,filtered-unamended,0.867361
BLI20_TS_038,31.2,BLI20_MA_010,BLiMMP_sample_0046,BLiMMP_trip_010,20.7,2020-09-02,2020-09-02,yes,unamended,t1,filtered-unamended,0.867361
BLI20_TS_038,31.2,BLI20_MA_010,BLiMMP_sample_0046,BLiMMP_trip_010,20.7,2020-09-02,2020-09-02,yes,unamended,t1,filtered-unamended,0.867361
BLI20_TS_039,26.9,BLI20_MA_009,BLiMMP_sample_0046,BLiMMP_trip_010,20.7,2020-09-02,2020-09-02,yes,unamended,t1,filtered-unamended,0.86875
BLI20_TS_039,26.9,BLI20_MA_009,BLiMMP_sample_0046,BLiMMP_trip_010,20.7,2020-09-02,2020-09-02,yes,unamended,t1,filtered-unamended,0.86875
BLI20_TS_039,36.9,BLI20_MA_009,BLiMMP_sample_0046,BLiMMP_trip_010,20.7,2020-09-02,2020-09-02,yes,unamended,t1,filtered-unamended,0.86875
BLI20_TS_039,36.9,BLI20_MA_009,BLiMMP_sample_0046,BLiMMP_trip_010,20.7,2020-09-02,2020-09-02,yes,unamended,t1,filtered-unamended,0.86875
BLI20_TS_040,58.4,BLI20_MA_003,BLiMMP_sample_0046,BLiMMP_trip_010,20.7,2020-09-02,2020-09-02,no,unamended,t1,unfiltered-unamended,0.869444
BLI20_TS_040,58.4,BLI20_MA_003,BLiMMP_sample_0046,BLiMMP_trip_010,20.7,2020-09-02,2020-09-02,no,unamended,t1,unfiltered-unamended,0.869444
BLI20_TS_041,48.8,BLI20_MA_004,BLiMMP_sample_0046,BLiMMP_trip_010,20.7,2020-09-02,2020-09-02,no,molybdate,t1,unfiltered-molybdate,0.8625
BLI20_TS_041,48.8,BLI20_MA_004,BLiMMP_sample_0046,BLiMMP_trip_010,20.7,2020-09-02,2020-09-02,no,molybdate,t1,unfiltered-molybdate,0.8625
BLI20_TS_042,54.3,BLI20_MA_007,BLiMMP_sample_0046,BLiMMP_trip_010,20.7,2020-09-02,2020-09-02,no,unamended,t1,unfiltered-unamended,0.866667
BLI20_TS_042,54.3,BLI20_MA_007,BLiMMP_sample_0046,BLiMMP_trip_010,20.7,2020-09-02,2020-09-02,no,unamended,t1,unfiltered-unamended,0.866667
BLI20_TS_046,1.88,BLI20_MA_023,BLiMMP_sample_0050,BLiMMP_trip_010,11,2020-09-02,2020-09-03,no,unamended,t2,unfiltered-unamended,3.463194
BLI20_TS_046,1.88,BLI20_MA_023,BLiMMP_sample_0050,BLiMMP_trip_010,11,2020-09-02,2020-09-03,no,unamended,t2,unfiltered-unamended,3.463194
BLI20_TS_047,2.25,BLI20_MA_025,BLiMMP_sample_0050,BLiMMP_trip_010,11,2020-09-02,2020-09-03,no,unamended,t2,unfiltered-unamended,3.471528
BLI20_TS_047,2.25,BLI20_MA_025,BLiMMP_sample_0050,BLiMMP_trip_010,11,2020-09-02,2020-09-03,no,unamended,t2,unfiltered-unamended,3.471528
BLI20_TS_048,2.27,BLI20_MA_027,BLiMMP_sample_0050,BLiMMP_trip_010,11,2020-09-02,2020-09-03,no,unamended,t2,unfiltered-unamended,3.477083
BLI20_TS_048,2.27,BLI20_MA_027,BLiMMP_sample_0050,BLiMMP_trip_010,11,2020-09-02,2020-09-03,no,unamended,t2,unfiltered-unamended,3.477083
BLI20_TS_049,0.694,BLI20_MA_026,BLiMMP_sample_0050,BLiMMP_trip_010,11,2020-09-02,2020-09-03,no,molybdate,t2,unfiltered-molybdate,3.479861
BLI20_TS_049,0.694,BLI20_MA_026,BLiMMP_sample_0050,BLiMMP_trip_010,11,2020-09-02,2020-09-03,no,molybdate,t2,unfiltered-molybdate,3.479861
BLI20_TS_050,0,BLI20_MA_029,BLiMMP_sample_0050,BLiMMP_trip_010,11,2020-09-02,2020-09-03,yes,unamended,t2,filtered-unamended,3.493056
BLI20_TS_050,0,BLI20_MA_029,BLiMMP_sample_0050,BLiMMP_trip_010,11,2020-09-02,2020-09-03,yes,unamended,t2,filtered-unamended,3.493056
BLI20_TS_051,0.633,BLI20_MA_024,BLiMMP_sample_0050,BLiMMP_trip_010,11,2020-09-02,2020-09-03,no,molybdate,t2,unfiltered-molybdate,3.48125
BLI20_TS_051,0.633,BLI20_MA_024,BLiMMP_sample_0050,BLiMMP_trip_010,11,2020-09-02,2020-09-03,no,molybdate,t2,unfiltered-molybdate,3.48125
BLI20_TS_052,0,BLI20_MA_028,BLiMMP_sample_0050,BLiMMP_trip_010,11,2020-09-02,2020-09-03,yes,unamended,t2,filtered-unamended,3.499306
BLI20_TS_052,0,BLI20_MA_028,BLiMMP_sample_0050,BLiMMP_trip_010,11,2020-09-02,2020-09-03,yes,unamended,t2,filtered-unamended,3.499306
BLI20_TS_053,2.49,BLI20_MA_030,BLiMMP_sample_0050,BLiMMP_trip_010,11,2020-09-02,2020-09-03,no,unamended,t2,unfiltered-unamended,3.509028
BLI20_TS_053,2.49,BLI20_MA_030,BLiMMP_sample_0050,BLiMMP_trip_010,11,2020-09-02,2020-09-03,no,unamended,t2,unfiltered-unamended,3.509028
BLI20_TS_054,40.6,BLI20_MA_012,BLiMMP_sample_0048,BLiMMP_trip_010,15.5,2020-09-02,2020-09-03,no,molybdate,t2,unfiltered-molybdate,3.452083
BLI20_TS_054,40.6,BLI20_MA_012,BLiMMP_sample_0048,BLiMMP_trip_010,15.5,2020-09-02,2020-09-03,no,molybdate,t2,unfiltered-molybdate,3.452083
BLI20_TS_055,39.8,BLI20_MA_013,BLiMMP_sample_0048,BLiMMP_trip_010,15.5,2020-09-02,2020-09-03,no,unamended,t2,unfiltered-unamended,3.4625
BLI20_TS_055,39.8,BLI20_MA_013,BLiMMP_sample_0048,BLiMMP_trip_010,15.5,2020-09-02,2020-09-03,no,unamended,t2,unfiltered-unamended,3.4625
BLI20_TS_056,41.2,BLI20_MA_017,BLiMMP_sample_0048,BLiMMP_trip_010,15.5,2020-09-02,2020-09-03,no,unamended,t2,unfiltered-unamended,3.470833
BLI20_TS_056,41.2,BLI20_MA_017,BLiMMP_sample_0048,BLiMMP_trip_010,15.5,2020-09-02,2020-09-03,no,unamended,t2,unfiltered-unamended,3.470833
BLI20_TS_057,39.7,BLI20_MA_015,BLiMMP_sample_0048,BLiMMP_trip_010,15.5,2020-09-02,2020-09-03,no,unamended,t2,unfiltered-unamended,3.471528
BLI20_TS_057,39.7,BLI20_MA_015,BLiMMP_sample_0048,BLiMMP_trip_010,15.5,2020-09-02,2020-09-03,no,unamended,t2,unfiltered-unamended,3.471528
BLI20_TS_058,12.7,BLI20_MA_020,BLiMMP_sample_0048,BLiMMP_trip_010,15.5,2020-09-02,2020-09-03,yes,unamended,t2,filtered-unamended,3.491667
BLI20_TS_058,12.7,BLI20_MA_020,BLiMMP_sample_0048,BLiMMP_trip_010,15.5,2020-09-02,2020-09-03,yes,unamended,t2,filtered-unamended,3.491667
BLI20_TS_059,34.1,BLI20_MA_016,BLiMMP_sample_0048,BLiMMP_trip_010,15.5,2020-09-02,2020-09-03,no,molybdate,t2,unfiltered-molybdate,3.483333
BLI20_TS_059,34.1,BLI20_MA_016,BLiMMP_sample_0048,BLiMMP_trip_010,15.5,2020-09-02,2020-09-03,no,molybdate,t2,unfiltered-molybdate,3.483333
BLI20_TS_060,37.1,BLI20_MA_014,BLiMMP_sample_0048,BLiMMP_trip_010,15.5,2020-09-02,2020-09-03,no,molybdate,t2,unfiltered-molybdate,3.473611
BLI20_TS_060,37.1,BLI20_MA_014,BLiMMP_sample_0048,BLiMMP_trip_010,15.5,2020-09-02,2020-09-03,no,molybdate,t2,unfiltered-molybdate,3.473611
BLI20_TS_061,29.9,BLI20_MA_018,BLiMMP_sample_0048,BLiMMP_trip_010,15.5,2020-09-02,2020-09-03,no,molybdate,t2,unfiltered-molybdate,3.494444
BLI20_TS_061,29.9,BLI20_MA_018,BLiMMP_sample_0048,BLiMMP_trip_010,15.5,2020-09-02,2020-09-03,no,molybdate,t2,unfiltered-molybdate,3.494444
BLI20_TS_062,24.9,BLI20_MA_011,BLiMMP_sample_0048,BLiMMP_trip_010,15.5,2020-09-02,2020-09-03,no,unamended,t2,unfiltered-unamended,3.474306
BLI20_TS_062,24.9,BLI20_MA_011,BLiMMP_sample_0048,BLiMMP_trip_010,15.5,2020-09-02,2020-09-03,no,unamended,t2,unfiltered-unamended,3.474306
BLI20_TS_063,8.51,BLI20_MA_019,BLiMMP_sample_0048,BLiMMP_trip_010,15.5,2020-09-02,2020-09-03,yes,unamended,t2,filtered-unamended,3.504861
BLI20_TS_063,8.51,BLI20_MA_019,BLiMMP_sample_0048,BLiMMP_trip_010,15.5,2020-09-02,2020-09-03,yes,unamended,t2,filtered-unamended,3.504861
BLI20_TS_064,61.8,BLI20_MA_006,BLiMMP_sample_0046,BLiMMP_trip_010,20.7,2020-09-02,2020-09-02,no,molybdate,t2,unfiltered-molybdate,3.447222
BLI20_TS_064,61.8,BLI20_MA_006,BLiMMP_sample_0046,BLiMMP_trip_010,20.7,2020-09-02,2020-09-02,no,molybdate,t2,unfiltered-molybdate,3.447222
BLI20_TS_065,72,BLI20_MA_005,BLiMMP_sample_0046,BLiMMP_trip_010,20.7,2020-09-02,2020-09-02,no,unamended,t2,unfiltered-unamended,3.452083
BLI20_TS_065,72,BLI20_MA_005,BLiMMP_sample_0046,BLiMMP_trip_010,20.7,2020-09-02,2020-09-02,no,unamended,t2,unfiltered-unamended,3.452083
BLI20_TS_066,65.2,BLI20_MA_002,BLiMMP_sample_0046,BLiMMP_trip_010,20.7,2020-09-02,2020-09-02,no,molybdate,t2,unfiltered-molybdate,3.466667
BLI20_TS_066,65.2,BLI20_MA_002,BLiMMP_sample_0046,BLiMMP_trip_010,20.7,2020-09-02,2020-09-02,no,molybdate,t2,unfiltered-molybdate,3.466667
BLI20_TS_067,74.8,BLI20_MA_001,BLiMMP_sample_0046,BLiMMP_trip_010,20.7,2020-09-02,2020-09-02,no,unamended,t2,unfiltered-unamended,3.471528
BLI20_TS_067,74.8,BLI20_MA_001,BLiMMP_sample_0046,BLiMMP_trip_010,20.7,2020-09-02,2020-09-02,no,unamended,t2,unfiltered-unamended,3.471528
BLI20_TS_068,59.3,BLI20_MA_004,BLiMMP_sample_0046,BLiMMP_trip_010,20.7,2020-09-02,2020-09-02,no,molybdate,t2,unfiltered-molybdate,3.470139
BLI20_TS_068,59.3,BLI20_MA_004,BLiMMP_sample_0046,BLiMMP_trip_010,20.7,2020-09-02,2020-09-02,no,molybdate,t2,unfiltered-molybdate,3.470139
BLI20_TS_069,73.1,BLI20_MA_007,BLiMMP_sample_0046,BLiMMP_trip_010,20.7,2020-09-02,2020-09-02,no,unamended,t2,unfiltered-unamended,3.475694
BLI20_TS_069,73.1,BLI20_MA_007,BLiMMP_sample_0046,BLiMMP_trip_010,20.7,2020-09-02,2020-09-02,no,unamended,t2,unfiltered-unamended,3.475694
BLI20_TS_070,74.7,BLI20_MA_003,BLiMMP_sample_0046,BLiMMP_trip_010,20.7,2020-09-02,2020-09-02,no,unamended,t2,unfiltered-unamended,3.484722
BLI20_TS_070,74.7,BLI20_MA_003,BLiMMP_sample_0046,BLiMMP_trip_010,20.7,2020-09-02,2020-09-02,no,unamended,t2,unfiltered-unamended,3.484722
BLI20_TS_071,24.8,BLI20_MA_009,BLiMMP_sample_0046,BLiMMP_trip_010,20.7,2020-09-02,2020-09-02,yes,unamended,t2,filtered-unamended,3.490278
BLI20_TS_071,24.8,BLI20_MA_009,BLiMMP_sample_0046,BLiMMP_trip_010,20.7,2020-09-02,2020-09-02,yes,unamended,t2,filtered-unamended,3.490278
BLI20_TS_071,26.9,BLI20_MA_009,BLiMMP_sample_0046,BLiMMP_trip_010,20.7,2020-09-02,2020-09-02,yes,unamended,t2,filtered-unamended,3.490278
BLI20_TS_071,26.9,BLI20_MA_009,BLiMMP_sample_0046,BLiMMP_trip_010,20.7,2020-09-02,2020-09-02,yes,unamended,t2,filtered-unamended,3.490278
BLI20_TS_072,19.2,BLI20_MA_010,BLiMMP_sample_0046,BLiMMP_trip_010,20.7,2020-09-02,2020-09-02,yes,unamended,t2,filtered-unamended,3.495139
BLI20_TS_072,19.2,BLI20_MA_010,BLiMMP_sample_0046,BLiMMP_trip_010,20.7,2020-09-02,2020-09-02,yes,unamended,t2,filtered-unamended,3.495139
BLI20_TS_073,49.5,BLI20_MA_008,BLiMMP_sample_0046,BLiMMP_trip_010,20.7,2020-09-02,2020-09-02,no,molybdate,t2,unfiltered-molybdate,3.502778
BLI20_TS_073,49.5,BLI20_MA_008,BLiMMP_sample_0046,BLiMMP_trip_010,20.7,2020-09-02,2020-09-02,no,molybdate,t2,unfiltered-molybdate,3.502778
BLI20_TS_074,61.7,BLI20_MA_005,BLiMMP_sample_0046,BLiMMP_trip_010,20.7,2020-09-02,2020-09-02,no,unamended,t3,unfiltered-unamended,NA
BLI20_TS_075,22.1,BLI20_MA_016,BLiMMP_sample_0048,BLiMMP_trip_010,15.5,2020-09-02,2020-09-03,no,molybdate,t3,unfiltered-molybdate,NA
BLI20_TS_076,53.2,BLI20_MA_002,BLiMMP_sample_0046,BLiMMP_trip_010,20.7,2020-09-02,2020-09-02,no,molybdate,t3,unfiltered-molybdate,NA
BLI20_TS_077,16,BLI20_MA_011,BLiMMP_sample_0048,BLiMMP_trip_010,15.5,2020-09-02,2020-09-03,no,unamended,t3,unfiltered-unamended,NA
BLI20_TS_078,41.5,BLI20_MA_008,BLiMMP_sample_0046,BLiMMP_trip_010,20.7,2020-09-02,2020-09-02,no,molybdate,t3,unfiltered-molybdate,NA
BLI20_TS_095,0,BLI20_MA_062,BLiMMP_sample_0064,BLiMMP_trip_013,15.7,2020-10-10,2020-10-10,yes,unamended,t0,filtered-unamended,0
BLI20_TS_095,0,BLI20_MA_062,BLiMMP_sample_0064,BLiMMP_trip_013,15.7,2020-10-10,2020-10-10,yes,unamended,t0,filtered-unamended,0
BLI20_TS_096,0,BLI20_MA_061,BLiMMP_sample_0064,BLiMMP_trip_013,15.7,2020-10-10,2020-10-10,yes,unamended,t0,filtered-unamended,0
BLI20_TS_096,0,BLI20_MA_061,BLiMMP_sample_0064,BLiMMP_trip_013,15.7,2020-10-10,2020-10-10,yes,unamended,t0,filtered-unamended,0
BLI20_TS_097,5.74,BLI20_MA_060,BLiMMP_sample_0064,BLiMMP_trip_013,15.7,2020-10-10,2020-10-10,no,glucose,t0,unfiltered-glucose,0
BLI20_TS_097,5.74,BLI20_MA_060,BLiMMP_sample_0064,BLiMMP_trip_013,15.7,2020-10-10,2020-10-10,no,glucose,t0,unfiltered-glucose,0
BLI20_TS_098,4.13,BLI20_MA_053,BLiMMP_sample_0064,BLiMMP_trip_013,15.7,2020-10-10,2020-10-10,no,molybdate,t0,unfiltered-molybdate,0
BLI20_TS_098,4.13,BLI20_MA_053,BLiMMP_sample_0064,BLiMMP_trip_013,15.7,2020-10-10,2020-10-10,no,molybdate,t0,unfiltered-molybdate,0
BLI20_TS_099,5.06,BLI20_MA_052,BLiMMP_sample_0064,BLiMMP_trip_013,15.7,2020-10-10,2020-10-10,no,glucose+molybdate,t0,unfiltered-glucose+molybdate,0
BLI20_TS_099,5.06,BLI20_MA_052,BLiMMP_sample_0064,BLiMMP_trip_013,15.7,2020-10-10,2020-10-10,no,glucose+molybdate,t0,unfiltered-glucose+molybdate,0
BLI20_TS_100,14.3,BLI20_MA_051,BLiMMP_sample_0064,BLiMMP_trip_013,15.7,2020-10-10,2020-10-10,no,molybdate,t0,unfiltered-molybdate,0
BLI20_TS_100,14.3,BLI20_MA_051,BLiMMP_sample_0064,BLiMMP_trip_013,15.7,2020-10-10,2020-10-10,no,molybdate,t0,unfiltered-molybdate,0
BLI20_TS_101,15.7,BLI20_MA_050,BLiMMP_sample_0064,BLiMMP_trip_013,15.7,2020-10-10,2020-10-10,no,unamended,t0,unfiltered-unamended,0
BLI20_TS_101,15.7,BLI20_MA_050,BLiMMP_sample_0064,BLiMMP_trip_013,15.7,2020-10-10,2020-10-10,no,unamended,t0,unfiltered-unamended,0
BLI20_TS_102,7.59,BLI20_MA_048,BLiMMP_sample_0064,BLiMMP_trip_013,15.7,2020-10-10,2020-10-10,no,glucose+molybdate,t0,unfiltered-glucose+molybdate,0
BLI20_TS_102,7.59,BLI20_MA_048,BLiMMP_sample_0064,BLiMMP_trip_013,15.7,2020-10-10,2020-10-10,no,glucose+molybdate,t0,unfiltered-glucose+molybdate,0
BLI20_TS_103,17.5,BLI20_MA_049,BLiMMP_sample_0064,BLiMMP_trip_013,15.7,2020-10-10,2020-10-10,no,glucose,t0,unfiltered-glucose,0
BLI20_TS_103,17.5,BLI20_MA_049,BLiMMP_sample_0064,BLiMMP_trip_013,15.7,2020-10-10,2020-10-10,no,glucose,t0,unfiltered-glucose,0
BLI20_TS_104,2.37,BLI20_MA_047,BLiMMP_sample_0064,BLiMMP_trip_013,15.7,2020-10-10,2020-10-10,no,molybdate,t0,unfiltered-molybdate,0
BLI20_TS_104,2.37,BLI20_MA_047,BLiMMP_sample_0064,BLiMMP_trip_013,15.7,2020-10-10,2020-10-10,no,molybdate,t0,unfiltered-molybdate,0
BLI20_TS_105,4.1,BLI20_MA_058,BLiMMP_sample_0064,BLiMMP_trip_013,15.7,2020-10-10,2020-10-10,no,glucose+molybdate,t0,unfiltered-glucose+molybdate,0
BLI20_TS_105,4.1,BLI20_MA_058,BLiMMP_sample_0064,BLiMMP_trip_013,15.7,2020-10-10,2020-10-10,no,glucose+molybdate,t0,unfiltered-glucose+molybdate,0
BLI20_TS_106,5.27,BLI20_MA_059,BLiMMP_sample_0064,BLiMMP_trip_013,15.7,2020-10-10,2020-10-10,no,unamended,t0,unfiltered-unamended,0
BLI20_TS_106,5.27,BLI20_MA_059,BLiMMP_sample_0064,BLiMMP_trip_013,15.7,2020-10-10,2020-10-10,no,unamended,t0,unfiltered-unamended,0
BLI20_TS_107,2.62,BLI20_MA_057,BLiMMP_sample_0064,BLiMMP_trip_013,15.7,2020-10-10,2020-10-10,no,molybdate,t0,unfiltered-molybdate,0
BLI20_TS_107,2.62,BLI20_MA_057,BLiMMP_sample_0064,BLiMMP_trip_013,15.7,2020-10-10,2020-10-10,no,molybdate,t0,unfiltered-molybdate,0
BLI20_TS_108,2.68,BLI20_MA_056,BLiMMP_sample_0064,BLiMMP_trip_013,15.7,2020-10-10,2020-10-10,no,unamended,t0,unfiltered-unamended,0
BLI20_TS_108,2.68,BLI20_MA_056,BLiMMP_sample_0064,BLiMMP_trip_013,15.7,2020-10-10,2020-10-10,no,unamended,t0,unfiltered-unamended,0
BLI20_TS_109,3.66,BLI20_MA_055,BLiMMP_sample_0064,BLiMMP_trip_013,15.7,2020-10-10,2020-10-10,no,unamended,t0,unfiltered-unamended,0
BLI20_TS_109,3.66,BLI20_MA_055,BLiMMP_sample_0064,BLiMMP_trip_013,15.7,2020-10-10,2020-10-10,no,unamended,t0,unfiltered-unamended,0
BLI20_TS_110,4.08,BLI20_MA_054,BLiMMP_sample_0064,BLiMMP_trip_013,15.7,2020-10-10,2020-10-10,no,glucose,t0,unfiltered-glucose,0
BLI20_TS_110,4.08,BLI20_MA_054,BLiMMP_sample_0064,BLiMMP_trip_013,15.7,2020-10-10,2020-10-10,no,glucose,t0,unfiltered-glucose,0
BLI20_TS_111,35.3,BLI20_MA_037,BLiMMP_sample_0062,BLiMMP_trip_013,20.9,2020-10-10,2020-10-10,no,glucose,t0,unfiltered-glucose,0
BLI20_TS_111,35.3,BLI20_MA_037,BLiMMP_sample_0062,BLiMMP_trip_013,20.9,2020-10-10,2020-10-10,no,glucose,t0,unfiltered-glucose,0
BLI20_TS_112,47.5,BLI20_MA_038,BLiMMP_sample_0062,BLiMMP_trip_013,20.9,2020-10-10,2020-10-10,no,glucose,t0,unfiltered-glucose,0
BLI20_TS_112,47.5,BLI20_MA_038,BLiMMP_sample_0062,BLiMMP_trip_013,20.9,2020-10-10,2020-10-10,no,glucose,t0,unfiltered-glucose,0
BLI20_TS_113,29.9,BLI20_MA_036,BLiMMP_sample_0062,BLiMMP_trip_013,20.9,2020-10-10,2020-10-10,no,molybdate,t0,unfiltered-molybdate,0
BLI20_TS_113,29.9,BLI20_MA_036,BLiMMP_sample_0062,BLiMMP_trip_013,20.9,2020-10-10,2020-10-10,no,molybdate,t0,unfiltered-molybdate,0
BLI20_TS_114,25,BLI20_MA_033,BLiMMP_sample_0062,BLiMMP_trip_013,20.9,2020-10-10,2020-10-10,no,molybdate,t0,unfiltered-molybdate,0
BLI20_TS_114,25,BLI20_MA_033,BLiMMP_sample_0062,BLiMMP_trip_013,20.9,2020-10-10,2020-10-10,no,molybdate,t0,unfiltered-molybdate,0
BLI20_TS_115,26.6,BLI20_MA_035,BLiMMP_sample_0062,BLiMMP_trip_013,20.9,2020-10-10,2020-10-10,no,glucose+molybdate,t0,unfiltered-glucose+molybdate,0
BLI20_TS_115,26.6,BLI20_MA_035,BLiMMP_sample_0062,BLiMMP_trip_013,20.9,2020-10-10,2020-10-10,no,glucose+molybdate,t0,unfiltered-glucose+molybdate,0
BLI20_TS_116,29.6,BLI20_MA_034,BLiMMP_sample_0062,BLiMMP_trip_013,20.9,2020-10-10,2020-10-10,no,glucose+molybdate,t0,unfiltered-glucose+molybdate,0
BLI20_TS_116,29.6,BLI20_MA_034,BLiMMP_sample_0062,BLiMMP_trip_013,20.9,2020-10-10,2020-10-10,no,glucose+molybdate,t0,unfiltered-glucose+molybdate,0
BLI20_TS_117,29.5,BLI20_MA_032,BLiMMP_sample_0062,BLiMMP_trip_013,20.9,2020-10-10,2020-10-10,no,molybdate,t0,unfiltered-molybdate,0
BLI20_TS_117,29.5,BLI20_MA_032,BLiMMP_sample_0062,BLiMMP_trip_013,20.9,2020-10-10,2020-10-10,no,molybdate,t0,unfiltered-molybdate,0
BLI20_TS_118,27.3,BLI20_MA_031,BLiMMP_sample_0062,BLiMMP_trip_013,20.9,2020-10-10,2020-10-10,no,glucose,t0,unfiltered-glucose,0
BLI20_TS_118,27.3,BLI20_MA_031,BLiMMP_sample_0062,BLiMMP_trip_013,20.9,2020-10-10,2020-10-10,no,glucose,t0,unfiltered-glucose,0
BLI20_TS_119,78.7,BLI20_MA_046,BLiMMP_sample_0062,BLiMMP_trip_013,20.9,2020-10-10,2020-10-10,yes,unamended,t0,filtered-unamended,0
BLI20_TS_119,78.7,BLI20_MA_046,BLiMMP_sample_0062,BLiMMP_trip_013,20.9,2020-10-10,2020-10-10,yes,unamended,t0,filtered-unamended,0
BLI20_TS_120,77.3,BLI20_MA_045,BLiMMP_sample_0062,BLiMMP_trip_013,20.9,2020-10-10,2020-10-10,yes,unamended,t0,filtered-unamended,0
BLI20_TS_120,77.3,BLI20_MA_045,BLiMMP_sample_0062,BLiMMP_trip_013,20.9,2020-10-10,2020-10-10,yes,unamended,t0,filtered-unamended,0
BLI20_TS_121,94.4,BLI20_MA_044,BLiMMP_sample_0062,BLiMMP_trip_013,20.9,2020-10-10,2020-10-10,no,unamended,t0,unfiltered-unamended,0
BLI20_TS_121,94.4,BLI20_MA_044,BLiMMP_sample_0062,BLiMMP_trip_013,20.9,2020-10-10,2020-10-10,no,unamended,t0,unfiltered-unamended,0
BLI20_TS_122,85.2,BLI20_MA_043,BLiMMP_sample_0062,BLiMMP_trip_013,20.9,2020-10-10,2020-10-10,no,unamended,t0,unfiltered-unamended,0
BLI20_TS_122,85.2,BLI20_MA_043,BLiMMP_sample_0062,BLiMMP_trip_013,20.9,2020-10-10,2020-10-10,no,unamended,t0,unfiltered-unamended,0
BLI20_TS_123,63.8,BLI20_MA_040,BLiMMP_sample_0062,BLiMMP_trip_013,20.9,2020-10-10,2020-10-10,no,unamended,t0,unfiltered-unamended,0
BLI20_TS_123,63.8,BLI20_MA_040,BLiMMP_sample_0062,BLiMMP_trip_013,20.9,2020-10-10,2020-10-10,no,unamended,t0,unfiltered-unamended,0
BLI20_TS_124,75.4,BLI20_MA_042,BLiMMP_sample_0062,BLiMMP_trip_013,20.9,2020-10-10,2020-10-10,no,glucose+molybdate,t0,unfiltered-glucose+molybdate,0
BLI20_TS_124,75.4,BLI20_MA_042,BLiMMP_sample_0062,BLiMMP_trip_013,20.9,2020-10-10,2020-10-10,no,glucose+molybdate,t0,unfiltered-glucose+molybdate,0
BLI20_TS_125,71.2,BLI20_MA_041,BLiMMP_sample_0062,BLiMMP_trip_013,20.9,2020-10-10,2020-10-10,no,molybdate,t0,unfiltered-molybdate,0
BLI20_TS_125,71.2,BLI20_MA_041,BLiMMP_sample_0062,BLiMMP_trip_013,20.9,2020-10-10,2020-10-10,no,molybdate,t0,unfiltered-molybdate,0
BLI20_TS_126,61.5,BLI20_MA_039,BLiMMP_sample_0062,BLiMMP_trip_013,20.9,2020-10-10,2020-10-10,no,unamended,t0,unfiltered-unamended,0
BLI20_TS_126,61.5,BLI20_MA_039,BLiMMP_sample_0062,BLiMMP_trip_013,20.9,2020-10-10,2020-10-10,no,unamended,t0,unfiltered-unamended,0
BLI20_TS_127,4.34,BLI20_MA_054,BLiMMP_sample_0064,BLiMMP_trip_013,15.7,2020-10-10,2020-10-10,no,glucose,t1,unfiltered-glucose,0.922917
BLI20_TS_127,4.34,BLI20_MA_054,BLiMMP_sample_0064,BLiMMP_trip_013,15.7,2020-10-10,2020-10-10,no,glucose,t1,unfiltered-glucose,0.922917
BLI20_TS_128,4.08,BLI20_MA_055,BLiMMP_sample_0064,BLiMMP_trip_013,15.7,2020-10-10,2020-10-10,no,unamended,t1,unfiltered-unamended,0.931944
BLI20_TS_128,4.08,BLI20_MA_055,BLiMMP_sample_0064,BLiMMP_trip_013,15.7,2020-10-10,2020-10-10,no,unamended,t1,unfiltered-unamended,0.931944
BLI20_TS_129,2.86,BLI20_MA_056,BLiMMP_sample_0064,BLiMMP_trip_013,15.7,2020-10-10,2020-10-10,no,unamended,t1,unfiltered-unamended,0.934722
BLI20_TS_129,2.86,BLI20_MA_056,BLiMMP_sample_0064,BLiMMP_trip_013,15.7,2020-10-10,2020-10-10,no,unamended,t1,unfiltered-unamended,0.934722
BLI20_TS_130,2.56,BLI20_MA_057,BLiMMP_sample_0064,BLiMMP_trip_013,15.7,2020-10-10,2020-10-10,no,molybdate,t1,unfiltered-molybdate,0.939583
BLI20_TS_130,2.56,BLI20_MA_057,BLiMMP_sample_0064,BLiMMP_trip_013,15.7,2020-10-10,2020-10-10,no,molybdate,t1,unfiltered-molybdate,0.939583
BLI20_TS_131,5.07,BLI20_MA_059,BLiMMP_sample_0064,BLiMMP_trip_013,15.7,2020-10-10,2020-10-10,no,unamended,t1,unfiltered-unamended,0.94375
BLI20_TS_131,5.07,BLI20_MA_059,BLiMMP_sample_0064,BLiMMP_trip_013,15.7,2020-10-10,2020-10-10,no,unamended,t1,unfiltered-unamended,0.94375
BLI20_TS_132,4.24,BLI20_MA_058,BLiMMP_sample_0064,BLiMMP_trip_013,15.7,2020-10-10,2020-10-10,no,glucose+molybdate,t1,unfiltered-glucose+molybdate,0.947917
BLI20_TS_132,4.24,BLI20_MA_058,BLiMMP_sample_0064,BLiMMP_trip_013,15.7,2020-10-10,2020-10-10,no,glucose+molybdate,t1,unfiltered-glucose+molybdate,0.947917
BLI20_TS_133,2.05,BLI20_MA_047,BLiMMP_sample_0064,BLiMMP_trip_013,15.7,2020-10-10,2020-10-10,no,molybdate,t1,unfiltered-molybdate,0.952778
BLI20_TS_133,2.05,BLI20_MA_047,BLiMMP_sample_0064,BLiMMP_trip_013,15.7,2020-10-10,2020-10-10,no,molybdate,t1,unfiltered-molybdate,0.952778
BLI20_TS_134,18.1,BLI20_MA_049,BLiMMP_sample_0064,BLiMMP_trip_013,15.7,2020-10-10,2020-10-10,no,glucose,t1,unfiltered-glucose,0.957639
BLI20_TS_134,18.1,BLI20_MA_049,BLiMMP_sample_0064,BLiMMP_trip_013,15.7,2020-10-10,2020-10-10,no,glucose,t1,unfiltered-glucose,0.957639
BLI20_TS_135,9.25,BLI20_MA_048,BLiMMP_sample_0064,BLiMMP_trip_013,15.7,2020-10-10,2020-10-10,no,glucose+molybdate,t1,unfiltered-glucose+molybdate,0.964583
BLI20_TS_135,9.25,BLI20_MA_048,BLiMMP_sample_0064,BLiMMP_trip_013,15.7,2020-10-10,2020-10-10,no,glucose+molybdate,t1,unfiltered-glucose+molybdate,0.964583
BLI20_TS_136,15.1,BLI20_MA_051,BLiMMP_sample_0064,BLiMMP_trip_013,15.7,2020-10-10,2020-10-10,no,molybdate,t1,unfiltered-molybdate,0.970833
BLI20_TS_136,15.1,BLI20_MA_051,BLiMMP_sample_0064,BLiMMP_trip_013,15.7,2020-10-10,2020-10-10,no,molybdate,t1,unfiltered-molybdate,0.970833
BLI20_TS_137,16.2,BLI20_MA_050,BLiMMP_sample_0064,BLiMMP_trip_013,15.7,2020-10-10,2020-10-10,no,unamended,t1,unfiltered-unamended,0.970139
BLI20_TS_137,16.2,BLI20_MA_050,BLiMMP_sample_0064,BLiMMP_trip_013,15.7,2020-10-10,2020-10-10,no,unamended,t1,unfiltered-unamended,0.970139
BLI20_TS_138,5.34,BLI20_MA_052,BLiMMP_sample_0064,BLiMMP_trip_013,15.7,2020-10-10,2020-10-10,no,glucose+molybdate,t1,unfiltered-glucose+molybdate,0.976389
BLI20_TS_138,5.34,BLI20_MA_052,BLiMMP_sample_0064,BLiMMP_trip_013,15.7,2020-10-10,2020-10-10,no,glucose+molybdate,t1,unfiltered-glucose+molybdate,0.976389
BLI20_TS_139,3.82,BLI20_MA_053,BLiMMP_sample_0064,BLiMMP_trip_013,15.7,2020-10-10,2020-10-10,no,molybdate,t1,unfiltered-molybdate,0.98125
BLI20_TS_139,3.82,BLI20_MA_053,BLiMMP_sample_0064,BLiMMP_trip_013,15.7,2020-10-10,2020-10-10,no,molybdate,t1,unfiltered-molybdate,0.98125
BLI20_TS_140,5.39,BLI20_MA_060,BLiMMP_sample_0064,BLiMMP_trip_013,15.7,2020-10-10,2020-10-10,no,glucose,t1,unfiltered-glucose,0.986806
BLI20_TS_140,5.39,BLI20_MA_060,BLiMMP_sample_0064,BLiMMP_trip_013,15.7,2020-10-10,2020-10-10,no,glucose,t1,unfiltered-glucose,0.986806
BLI20_TS_141,0,BLI20_MA_061,BLiMMP_sample_0064,BLiMMP_trip_013,15.7,2020-10-10,2020-10-10,yes,unamended,t1,filtered-unamended,0.992361
BLI20_TS_141,0,BLI20_MA_061,BLiMMP_sample_0064,BLiMMP_trip_013,15.7,2020-10-10,2020-10-10,yes,unamended,t1,filtered-unamended,0.992361
BLI20_TS_142,0,BLI20_MA_062,BLiMMP_sample_0064,BLiMMP_trip_013,15.7,2020-10-10,2020-10-10,yes,unamended,t1,filtered-unamended,0.997917
BLI20_TS_142,0,BLI20_MA_062,BLiMMP_sample_0064,BLiMMP_trip_013,15.7,2020-10-10,2020-10-10,yes,unamended,t1,filtered-unamended,0.997917
BLI20_TS_143,76.9,BLI20_MA_041,BLiMMP_sample_0062,BLiMMP_trip_013,20.9,2020-10-10,2020-10-10,no,molybdate,t1,unfiltered-molybdate,0.897222
BLI20_TS_143,76.9,BLI20_MA_041,BLiMMP_sample_0062,BLiMMP_trip_013,20.9,2020-10-10,2020-10-10,no,molybdate,t1,unfiltered-molybdate,0.897222
BLI20_TS_144,63.8,BLI20_MA_039,BLiMMP_sample_0062,BLiMMP_trip_013,20.9,2020-10-10,2020-10-10,no,unamended,t1,unfiltered-unamended,0.896528
BLI20_TS_144,63.8,BLI20_MA_039,BLiMMP_sample_0062,BLiMMP_trip_013,20.9,2020-10-10,2020-10-10,no,unamended,t1,unfiltered-unamended,0.896528
BLI20_TS_145,82.5,BLI20_MA_042,BLiMMP_sample_0062,BLiMMP_trip_013,20.9,2020-10-10,2020-10-10,no,glucose+molybdate,t1,unfiltered-glucose+molybdate,0.903472
BLI20_TS_145,82.5,BLI20_MA_042,BLiMMP_sample_0062,BLiMMP_trip_013,20.9,2020-10-10,2020-10-10,no,glucose+molybdate,t1,unfiltered-glucose+molybdate,0.903472
BLI20_TS_146,68.5,BLI20_MA_040,BLiMMP_sample_0062,BLiMMP_trip_013,20.9,2020-10-10,2020-10-10,no,unamended,t1,unfiltered-unamended,0.907639
BLI20_TS_146,68.5,BLI20_MA_040,BLiMMP_sample_0062,BLiMMP_trip_013,20.9,2020-10-10,2020-10-10,no,unamended,t1,unfiltered-unamended,0.907639
BLI20_TS_147,93.1,BLI20_MA_043,BLiMMP_sample_0062,BLiMMP_trip_013,20.9,2020-10-10,2020-10-10,no,unamended,t1,unfiltered-unamended,0.911806
BLI20_TS_147,93.1,BLI20_MA_043,BLiMMP_sample_0062,BLiMMP_trip_013,20.9,2020-10-10,2020-10-10,no,unamended,t1,unfiltered-unamended,0.911806
BLI20_TS_148,102,BLI20_MA_044,BLiMMP_sample_0062,BLiMMP_trip_013,20.9,2020-10-10,2020-10-10,no,unamended,t1,unfiltered-unamended,0.915972
BLI20_TS_148,102,BLI20_MA_044,BLiMMP_sample_0062,BLiMMP_trip_013,20.9,2020-10-10,2020-10-10,no,unamended,t1,unfiltered-unamended,0.915972
BLI20_TS_149,78.1,BLI20_MA_045,BLiMMP_sample_0062,BLiMMP_trip_013,20.9,2020-10-10,2020-10-10,yes,unamended,t1,filtered-unamended,0.920139
BLI20_TS_149,78.1,BLI20_MA_045,BLiMMP_sample_0062,BLiMMP_trip_013,20.9,2020-10-10,2020-10-10,yes,unamended,t1,filtered-unamended,0.920139
BLI20_TS_150,73.7,BLI20_MA_046,BLiMMP_sample_0062,BLiMMP_trip_013,20.9,2020-10-10,2020-10-10,yes,unamended,t1,filtered-unamended,0.923611
BLI20_TS_150,73.7,BLI20_MA_046,BLiMMP_sample_0062,BLiMMP_trip_013,20.9,2020-10-10,2020-10-10,yes,unamended,t1,filtered-unamended,0.923611
BLI20_TS_151,33.5,BLI20_MA_031,BLiMMP_sample_0062,BLiMMP_trip_013,20.9,2020-10-10,2020-10-10,no,glucose,t1,unfiltered-glucose,0.929861
BLI20_TS_151,33.5,BLI20_MA_031,BLiMMP_sample_0062,BLiMMP_trip_013,20.9,2020-10-10,2020-10-10,no,glucose,t1,unfiltered-glucose,0.929861
BLI20_TS_152,36.7,BLI20_MA_034,BLiMMP_sample_0062,BLiMMP_trip_013,20.9,2020-10-10,2020-10-10,no,glucose+molybdate,t1,unfiltered-glucose+molybdate,0.938194
BLI20_TS_152,36.7,BLI20_MA_034,BLiMMP_sample_0062,BLiMMP_trip_013,20.9,2020-10-10,2020-10-10,no,glucose+molybdate,t1,unfiltered-glucose+molybdate,0.938194
BLI20_TS_153,32.1,BLI20_MA_032,BLiMMP_sample_0062,BLiMMP_trip_013,20.9,2020-10-10,2020-10-10,no,molybdate,t1,unfiltered-molybdate,0.9375
BLI20_TS_153,32.1,BLI20_MA_032,BLiMMP_sample_0062,BLiMMP_trip_013,20.9,2020-10-10,2020-10-10,no,molybdate,t1,unfiltered-molybdate,0.9375
BLI20_TS_154,29.7,BLI20_MA_035,BLiMMP_sample_0062,BLiMMP_trip_013,20.9,2020-10-10,2020-10-10,no,glucose+molybdate,t1,unfiltered-glucose+molybdate,0.944444
BLI20_TS_154,29.7,BLI20_MA_035,BLiMMP_sample_0062,BLiMMP_trip_013,20.9,2020-10-10,2020-10-10,no,glucose+molybdate,t1,unfiltered-glucose+molybdate,0.944444
BLI20_TS_155,29.1,BLI20_MA_033,BLiMMP_sample_0062,BLiMMP_trip_013,20.9,2020-10-10,2020-10-10,no,molybdate,t1,unfiltered-molybdate,0.95
BLI20_TS_155,29.1,BLI20_MA_033,BLiMMP_sample_0062,BLiMMP_trip_013,20.9,2020-10-10,2020-10-10,no,molybdate,t1,unfiltered-molybdate,0.95
BLI20_TS_156,32.3,BLI20_MA_036,BLiMMP_sample_0062,BLiMMP_trip_013,20.9,2020-10-10,2020-10-10,no,molybdate,t1,unfiltered-molybdate,0.954861
BLI20_TS_156,32.3,BLI20_MA_036,BLiMMP_sample_0062,BLiMMP_trip_013,20.9,2020-10-10,2020-10-10,no,molybdate,t1,unfiltered-molybdate,0.954861
BLI20_TS_157,49,BLI20_MA_038,BLiMMP_sample_0062,BLiMMP_trip_013,20.9,2020-10-10,2020-10-10,no,glucose,t1,unfiltered-glucose,0.959722
BLI20_TS_157,49,BLI20_MA_038,BLiMMP_sample_0062,BLiMMP_trip_013,20.9,2020-10-10,2020-10-10,no,glucose,t1,unfiltered-glucose,0.959722
BLI20_TS_158,37.5,BLI20_MA_037,BLiMMP_sample_0062,BLiMMP_trip_013,20.9,2020-10-10,2020-10-10,no,glucose,t1,unfiltered-glucose,0.963889
BLI20_TS_158,37.5,BLI20_MA_037,BLiMMP_sample_0062,BLiMMP_trip_013,20.9,2020-10-10,2020-10-10,no,glucose,t1,unfiltered-glucose,0.963889
BLI20_TS_163,71.3,BLI20_MA_038,BLiMMP_sample_0062,BLiMMP_trip_013,20.9,2020-10-10,2020-10-10,no,glucose,t2,unfiltered-glucose,3.475694
BLI20_TS_163,71.3,BLI20_MA_038,BLiMMP_sample_0062,BLiMMP_trip_013,20.9,2020-10-10,2020-10-10,no,glucose,t2,unfiltered-glucose,3.475694
BLI20_TS_164,57.9,BLI20_MA_037,BLiMMP_sample_0062,BLiMMP_trip_013,20.9,2020-10-10,2020-10-10,no,glucose,t2,unfiltered-glucose,3.480556
BLI20_TS_164,57.9,BLI20_MA_037,BLiMMP_sample_0062,BLiMMP_trip_013,20.9,2020-10-10,2020-10-10,no,glucose,t2,unfiltered-glucose,3.480556
BLI20_TS_165,38.4,BLI20_MA_036,BLiMMP_sample_0062,BLiMMP_trip_013,20.9,2020-10-10,2020-10-10,no,molybdate,t2,unfiltered-molybdate,3.477778
BLI20_TS_165,38.4,BLI20_MA_036,BLiMMP_sample_0062,BLiMMP_trip_013,20.9,2020-10-10,2020-10-10,no,molybdate,t2,unfiltered-molybdate,3.477778
BLI20_TS_166,33.1,BLI20_MA_033,BLiMMP_sample_0062,BLiMMP_trip_013,20.9,2020-10-10,2020-10-10,no,molybdate,t2,unfiltered-molybdate,3.477083
BLI20_TS_166,33.1,BLI20_MA_033,BLiMMP_sample_0062,BLiMMP_trip_013,20.9,2020-10-10,2020-10-10,no,molybdate,t2,unfiltered-molybdate,3.477083
BLI20_TS_167,41.9,BLI20_MA_032,BLiMMP_sample_0062,BLiMMP_trip_013,20.9,2020-10-10,2020-10-10,no,molybdate,t2,unfiltered-molybdate,3.472222
BLI20_TS_167,41.9,BLI20_MA_032,BLiMMP_sample_0062,BLiMMP_trip_013,20.9,2020-10-10,2020-10-10,no,molybdate,t2,unfiltered-molybdate,3.472222
BLI20_TS_168,43.1,BLI20_MA_035,BLiMMP_sample_0062,BLiMMP_trip_013,20.9,2020-10-10,2020-10-10,no,glucose+molybdate,t2,unfiltered-glucose+molybdate,3.479861
BLI20_TS_168,43.1,BLI20_MA_035,BLiMMP_sample_0062,BLiMMP_trip_013,20.9,2020-10-10,2020-10-10,no,glucose+molybdate,t2,unfiltered-glucose+molybdate,3.479861
BLI20_TS_169,51.6,BLI20_MA_034,BLiMMP_sample_0062,BLiMMP_trip_013,20.9,2020-10-10,2020-10-10,no,glucose+molybdate,t2,unfiltered-glucose+molybdate,3.480556
BLI20_TS_169,51.6,BLI20_MA_034,BLiMMP_sample_0062,BLiMMP_trip_013,20.9,2020-10-10,2020-10-10,no,glucose+molybdate,t2,unfiltered-glucose+molybdate,3.480556
BLI20_TS_170,48.9,BLI20_MA_031,BLiMMP_sample_0062,BLiMMP_trip_013,20.9,2020-10-10,2020-10-10,no,glucose,t2,unfiltered-glucose,3.477778
BLI20_TS_170,48.9,BLI20_MA_031,BLiMMP_sample_0062,BLiMMP_trip_013,20.9,2020-10-10,2020-10-10,no,glucose,t2,unfiltered-glucose,3.477778
BLI20_TS_171,75.2,BLI20_MA_046,BLiMMP_sample_0062,BLiMMP_trip_013,20.9,2020-10-10,2020-10-10,yes,unamended,t2,filtered-unamended,3.48125
BLI20_TS_171,75.2,BLI20_MA_046,BLiMMP_sample_0062,BLiMMP_trip_013,20.9,2020-10-10,2020-10-10,yes,unamended,t2,filtered-unamended,3.48125
BLI20_TS_172,74,BLI20_MA_045,BLiMMP_sample_0062,BLiMMP_trip_013,20.9,2020-10-10,2020-10-10,yes,unamended,t2,filtered-unamended,3.482639
BLI20_TS_172,74,BLI20_MA_045,BLiMMP_sample_0062,BLiMMP_trip_013,20.9,2020-10-10,2020-10-10,yes,unamended,t2,filtered-unamended,3.482639
BLI20_TS_173,98.5,BLI20_MA_044,BLiMMP_sample_0062,BLiMMP_trip_013,20.9,2020-10-10,2020-10-10,no,unamended,t2,unfiltered-unamended,3.484028
BLI20_TS_173,98.5,BLI20_MA_044,BLiMMP_sample_0062,BLiMMP_trip_013,20.9,2020-10-10,2020-10-10,no,unamended,t2,unfiltered-unamended,3.484028
BLI20_TS_174,83,BLI20_MA_043,BLiMMP_sample_0062,BLiMMP_trip_013,20.9,2020-10-10,2020-10-10,no,unamended,t2,unfiltered-unamended,3.484722
BLI20_TS_174,83,BLI20_MA_043,BLiMMP_sample_0062,BLiMMP_trip_013,20.9,2020-10-10,2020-10-10,no,unamended,t2,unfiltered-unamended,3.484722
BLI20_TS_175,74.7,BLI20_MA_040,BLiMMP_sample_0062,BLiMMP_trip_013,20.9,2020-10-10,2020-10-10,no,unamended,t2,unfiltered-unamended,3.486111
BLI20_TS_175,74.7,BLI20_MA_040,BLiMMP_sample_0062,BLiMMP_trip_013,20.9,2020-10-10,2020-10-10,no,unamended,t2,unfiltered-unamended,3.486111
BLI20_TS_176,70.3,BLI20_MA_039,BLiMMP_sample_0062,BLiMMP_trip_013,20.9,2020-10-10,2020-10-10,no,unamended,t2,unfiltered-unamended,3.48125
BLI20_TS_176,70.3,BLI20_MA_039,BLiMMP_sample_0062,BLiMMP_trip_013,20.9,2020-10-10,2020-10-10,no,unamended,t2,unfiltered-unamended,3.48125
BLI20_TS_177,86.5,BLI20_MA_042,BLiMMP_sample_0062,BLiMMP_trip_013,20.9,2020-10-10,2020-10-10,no,glucose+molybdate,t2,unfiltered-glucose+molybdate,3.488889
BLI20_TS_177,86.5,BLI20_MA_042,BLiMMP_sample_0062,BLiMMP_trip_013,20.9,2020-10-10,2020-10-10,no,glucose+molybdate,t2,unfiltered-glucose+molybdate,3.488889
BLI20_TS_178,74.6,BLI20_MA_041,BLiMMP_sample_0062,BLiMMP_trip_013,20.9,2020-10-10,2020-10-10,no,molybdate,t2,unfiltered-molybdate,3.488889
BLI20_TS_178,74.6,BLI20_MA_041,BLiMMP_sample_0062,BLiMMP_trip_013,20.9,2020-10-10,2020-10-10,no,molybdate,t2,unfiltered-molybdate,3.488889
BLI21_TS_016,117,BLI20_MA_083,BLiMMP_sample_0077,BLiMMP_trip_015,19.9,2021-09-10,2021-09-10,no,unamended,t0,unfiltered-unamended,0
BLI21_TS_016,117,BLI20_MA_083,BLiMMP_sample_0077,BLiMMP_trip_015,19.9,2021-09-10,2021-09-10,no,unamended,t0,unfiltered-unamended,0
BLI21_TS_017,118,BLI20_MA_084,BLiMMP_sample_0077,BLiMMP_trip_015,19.9,2021-09-10,2021-09-10,no,molybdate,t0,unfiltered-molybdate,0
BLI21_TS_017,118,BLI20_MA_084,BLiMMP_sample_0077,BLiMMP_trip_015,19.9,2021-09-10,2021-09-10,no,molybdate,t0,unfiltered-molybdate,0
BLI21_TS_018,117,BLI20_MA_085,BLiMMP_sample_0077,BLiMMP_trip_015,19.9,2021-09-10,2021-09-10,no,unamended,t0,unfiltered-unamended,0
BLI21_TS_018,117,BLI20_MA_085,BLiMMP_sample_0077,BLiMMP_trip_015,19.9,2021-09-10,2021-09-10,no,unamended,t0,unfiltered-unamended,0
BLI21_TS_019,116,BLI20_MA_086,BLiMMP_sample_0077,BLiMMP_trip_015,19.9,2021-09-10,2021-09-10,no,molybdate,t0,unfiltered-molybdate,0
BLI21_TS_019,116,BLI20_MA_086,BLiMMP_sample_0077,BLiMMP_trip_015,19.9,2021-09-10,2021-09-10,no,molybdate,t0,unfiltered-molybdate,0
BLI21_TS_020,120,BLI20_MA_087,BLiMMP_sample_0077,BLiMMP_trip_015,19.9,2021-09-10,2021-09-10,no,unamended,t0,unfiltered-unamended,0
BLI21_TS_020,120,BLI20_MA_087,BLiMMP_sample_0077,BLiMMP_trip_015,19.9,2021-09-10,2021-09-10,no,unamended,t0,unfiltered-unamended,0
BLI21_TS_021,20,BLI20_MA_077,BLiMMP_sample_0074,BLiMMP_trip_015,11.9,2021-09-10,2021-09-10,no,unamended,t0,unfiltered-unamended,0
BLI21_TS_021,20,BLI20_MA_077,BLiMMP_sample_0074,BLiMMP_trip_015,11.9,2021-09-10,2021-09-10,no,unamended,t0,unfiltered-unamended,0
BLI21_TS_021,25.7,BLI20_MA_077,BLiMMP_sample_0074,BLiMMP_trip_015,11.9,2021-09-10,2021-09-10,no,unamended,t0,unfiltered-unamended,0
BLI21_TS_021,25.7,BLI20_MA_077,BLiMMP_sample_0074,BLiMMP_trip_015,11.9,2021-09-10,2021-09-10,no,unamended,t0,unfiltered-unamended,0
BLI21_TS_022,17.5,BLI20_MA_080,BLiMMP_sample_0074,BLiMMP_trip_015,11.9,2021-09-10,2021-09-10,no,molybdate,t0,unfiltered-molybdate,0
BLI21_TS_022,17.5,BLI20_MA_080,BLiMMP_sample_0074,BLiMMP_trip_015,11.9,2021-09-10,2021-09-10,no,molybdate,t0,unfiltered-molybdate,0
BLI21_TS_023,18.8,BLI20_MA_081,BLiMMP_sample_0074,BLiMMP_trip_015,11.9,2021-09-10,2021-09-10,yes,unamended,t0,filtered-unamended,0
BLI21_TS_023,18.8,BLI20_MA_081,BLiMMP_sample_0074,BLiMMP_trip_015,11.9,2021-09-10,2021-09-10,yes,unamended,t0,filtered-unamended,0
BLI21_TS_024,25.4,BLI20_MA_079,BLiMMP_sample_0074,BLiMMP_trip_015,11.9,2021-09-10,2021-09-10,no,unamended,t0,unfiltered-unamended,0
BLI21_TS_024,25.4,BLI20_MA_079,BLiMMP_sample_0074,BLiMMP_trip_015,11.9,2021-09-10,2021-09-10,no,unamended,t0,unfiltered-unamended,0
BLI21_TS_025,16.3,BLI20_MA_082,BLiMMP_sample_0074,BLiMMP_trip_015,11.9,2021-09-10,2021-09-10,yes,unamended,t0,filtered-unamended,0
BLI21_TS_025,16.3,BLI20_MA_082,BLiMMP_sample_0074,BLiMMP_trip_015,11.9,2021-09-10,2021-09-10,yes,unamended,t0,filtered-unamended,0
BLI21_TS_026,25.6,BLI20_MA_076,BLiMMP_sample_0074,BLiMMP_trip_015,11.9,2021-09-10,2021-09-10,no,molybdate,t0,unfiltered-molybdate,0
BLI21_TS_026,25.6,BLI20_MA_076,BLiMMP_sample_0074,BLiMMP_trip_015,11.9,2021-09-10,2021-09-10,no,molybdate,t0,unfiltered-molybdate,0
BLI21_TS_027,20.8,BLI20_MA_073,BLiMMP_sample_0074,BLiMMP_trip_015,11.9,2021-09-10,2021-09-10,no,unamended,t0,unfiltered-unamended,0
BLI21_TS_027,20.8,BLI20_MA_073,BLiMMP_sample_0074,BLiMMP_trip_015,11.9,2021-09-10,2021-09-10,no,unamended,t0,unfiltered-unamended,0
BLI21_TS_027,27.5,BLI20_MA_073,BLiMMP_sample_0074,BLiMMP_trip_015,11.9,2021-09-10,2021-09-10,no,unamended,t0,unfiltered-unamended,0
BLI21_TS_027,27.5,BLI20_MA_073,BLiMMP_sample_0074,BLiMMP_trip_015,11.9,2021-09-10,2021-09-10,no,unamended,t0,unfiltered-unamended,0
BLI21_TS_028,28.5,BLI20_MA_074,BLiMMP_sample_0074,BLiMMP_trip_015,11.9,2021-09-10,2021-09-10,no,molybdate,t0,unfiltered-molybdate,0
BLI21_TS_028,28.5,BLI20_MA_074,BLiMMP_sample_0074,BLiMMP_trip_015,11.9,2021-09-10,2021-09-10,no,molybdate,t0,unfiltered-molybdate,0
BLI21_TS_029,27.1,BLI20_MA_075,BLiMMP_sample_0074,BLiMMP_trip_015,11.9,2021-09-10,2021-09-10,no,unamended,t0,unfiltered-unamended,0
BLI21_TS_029,27.1,BLI20_MA_075,BLiMMP_sample_0074,BLiMMP_trip_015,11.9,2021-09-10,2021-09-10,no,unamended,t0,unfiltered-unamended,0
BLI21_TS_030,26.5,BLI20_MA_078,BLiMMP_sample_0074,BLiMMP_trip_015,11.9,2021-09-10,2021-09-10,no,molybdate,t0,unfiltered-molybdate,0
BLI21_TS_030,26.5,BLI20_MA_078,BLiMMP_sample_0074,BLiMMP_trip_015,11.9,2021-09-10,2021-09-10,no,molybdate,t0,unfiltered-molybdate,0
BLI21_TS_031,0.945,BLI20_MA_070,BLiMMP_sample_0073,BLiMMP_trip_015,10.8,2021-09-10,2021-09-10,no,molybdate,t0,unfiltered-molybdate,0
BLI21_TS_031,0.945,BLI20_MA_070,BLiMMP_sample_0073,BLiMMP_trip_015,10.8,2021-09-10,2021-09-10,no,molybdate,t0,unfiltered-molybdate,0
BLI21_TS_032,0.996,BLI20_MA_068,BLiMMP_sample_0073,BLiMMP_trip_015,10.8,2021-09-10,2021-09-10,no,molybdate,t0,unfiltered-molybdate,0
BLI21_TS_032,0.996,BLI20_MA_068,BLiMMP_sample_0073,BLiMMP_trip_015,10.8,2021-09-10,2021-09-10,no,molybdate,t0,unfiltered-molybdate,0
BLI21_TS_033,1.15,BLI20_MA_069,BLiMMP_sample_0073,BLiMMP_trip_015,10.8,2021-09-10,2021-09-10,no,unamended,t0,unfiltered-unamended,0
BLI21_TS_033,1.15,BLI20_MA_069,BLiMMP_sample_0073,BLiMMP_trip_015,10.8,2021-09-10,2021-09-10,no,unamended,t0,unfiltered-unamended,0
BLI21_TS_034,0.718,BLI20_MA_071,BLiMMP_sample_0073,BLiMMP_trip_015,10.8,2021-09-10,2021-09-10,yes,unamended,t0,filtered-unamended,0
BLI21_TS_034,0.718,BLI20_MA_071,BLiMMP_sample_0073,BLiMMP_trip_015,10.8,2021-09-10,2021-09-10,yes,unamended,t0,filtered-unamended,0
BLI21_TS_035,0.889,BLI20_MA_072,BLiMMP_sample_0073,BLiMMP_trip_015,10.8,2021-09-10,2021-09-10,yes,unamended,t0,filtered-unamended,0
BLI21_TS_035,0.889,BLI20_MA_072,BLiMMP_sample_0073,BLiMMP_trip_015,10.8,2021-09-10,2021-09-10,yes,unamended,t0,filtered-unamended,0
BLI21_TS_036,1.04,BLI20_MA_065,BLiMMP_sample_0073,BLiMMP_trip_015,10.8,2021-09-10,2021-09-10,no,unamended,t0,unfiltered-unamended,0
BLI21_TS_036,1.04,BLI20_MA_065,BLiMMP_sample_0073,BLiMMP_trip_015,10.8,2021-09-10,2021-09-10,no,unamended,t0,unfiltered-unamended,0
BLI21_TS_037,0.908,BLI20_MA_064,BLiMMP_sample_0073,BLiMMP_trip_015,10.8,2021-09-10,2021-09-10,no,molybdate,t0,unfiltered-molybdate,0
BLI21_TS_037,0.908,BLI20_MA_064,BLiMMP_sample_0073,BLiMMP_trip_015,10.8,2021-09-10,2021-09-10,no,molybdate,t0,unfiltered-molybdate,0
BLI21_TS_038,1.29,BLI20_MA_063,BLiMMP_sample_0073,BLiMMP_trip_015,10.8,2021-09-10,2021-09-10,no,unamended,t0,unfiltered-unamended,0
BLI21_TS_038,1.29,BLI20_MA_063,BLiMMP_sample_0073,BLiMMP_trip_015,10.8,2021-09-10,2021-09-10,no,unamended,t0,unfiltered-unamended,0
BLI21_TS_039,1.33,BLI20_MA_066,BLiMMP_sample_0073,BLiMMP_trip_015,10.8,2021-09-10,2021-09-10,no,molybdate,t0,unfiltered-molybdate,0
BLI21_TS_039,1.33,BLI20_MA_066,BLiMMP_sample_0073,BLiMMP_trip_015,10.8,2021-09-10,2021-09-10,no,molybdate,t0,unfiltered-molybdate,0
BLI21_TS_040,1.3,BLI20_MA_067,BLiMMP_sample_0073,BLiMMP_trip_015,10.8,2021-09-10,2021-09-10,no,unamended,t0,unfiltered-unamended,0
BLI21_TS_040,1.3,BLI20_MA_067,BLiMMP_sample_0073,BLiMMP_trip_015,10.8,2021-09-10,2021-09-10,no,unamended,t0,unfiltered-unamended,0
BLI21_TS_041,103,BLI20_MA_092,BLiMMP_sample_0077,BLiMMP_trip_015,19.9,2021-09-10,2021-09-10,yes,unamended,t0,filtered-unamended,0
BLI21_TS_041,103,BLI20_MA_092,BLiMMP_sample_0077,BLiMMP_trip_015,19.9,2021-09-10,2021-09-10,yes,unamended,t0,filtered-unamended,0
BLI21_TS_042,113,BLI20_MA_088,BLiMMP_sample_0077,BLiMMP_trip_015,19.9,2021-09-10,2021-09-10,no,molybdate,t0,unfiltered-molybdate,0
BLI21_TS_042,113,BLI20_MA_088,BLiMMP_sample_0077,BLiMMP_trip_015,19.9,2021-09-10,2021-09-10,no,molybdate,t0,unfiltered-molybdate,0
BLI21_TS_043,144,BLI20_MA_091,BLiMMP_sample_0077,BLiMMP_trip_015,19.9,2021-09-10,2021-09-10,yes,unamended,t0,filtered-unamended,0
BLI21_TS_043,144,BLI20_MA_091,BLiMMP_sample_0077,BLiMMP_trip_015,19.9,2021-09-10,2021-09-10,yes,unamended,t0,filtered-unamended,0
BLI21_TS_044,109,BLI20_MA_090,BLiMMP_sample_0077,BLiMMP_trip_015,19.9,2021-09-10,2021-09-10,no,molybdate,t0,unfiltered-molybdate,0
BLI21_TS_044,109,BLI20_MA_090,BLiMMP_sample_0077,BLiMMP_trip_015,19.9,2021-09-10,2021-09-10,no,molybdate,t0,unfiltered-molybdate,0
BLI21_TS_045,108,BLI20_MA_089,BLiMMP_sample_0077,BLiMMP_trip_015,19.9,2021-09-10,2021-09-10,no,unamended,t0,unfiltered-unamended,0
BLI21_TS_045,108,BLI20_MA_089,BLiMMP_sample_0077,BLiMMP_trip_015,19.9,2021-09-10,2021-09-10,no,unamended,t0,unfiltered-unamended,0
BLI21_TS_046,1,BLI20_MA_072,BLiMMP_sample_0073,BLiMMP_trip_015,10.8,2021-09-10,2021-09-10,yes,unamended,t1,filtered-unamended,0.805556
BLI21_TS_046,1,BLI20_MA_072,BLiMMP_sample_0073,BLiMMP_trip_015,10.8,2021-09-10,2021-09-10,yes,unamended,t1,filtered-unamended,0.805556
BLI21_TS_047,1.57,BLI20_MA_071,BLiMMP_sample_0073,BLiMMP_trip_015,10.8,2021-09-10,2021-09-10,yes,unamended,t1,filtered-unamended,0.811111
BLI21_TS_047,1.57,BLI20_MA_071,BLiMMP_sample_0073,BLiMMP_trip_015,10.8,2021-09-10,2021-09-10,yes,unamended,t1,filtered-unamended,0.811111
BLI21_TS_048,0.982,BLI20_MA_068,BLiMMP_sample_0073,BLiMMP_trip_015,10.8,2021-09-10,2021-09-10,no,molybdate,t1,unfiltered-molybdate,0.820139
BLI21_TS_048,0.982,BLI20_MA_068,BLiMMP_sample_0073,BLiMMP_trip_015,10.8,2021-09-10,2021-09-10,no,molybdate,t1,unfiltered-molybdate,0.820139
BLI21_TS_049,0.932,BLI20_MA_069,BLiMMP_sample_0073,BLiMMP_trip_015,10.8,2021-09-10,2021-09-10,no,unamended,t1,unfiltered-unamended,0.81875
BLI21_TS_049,0.932,BLI20_MA_069,BLiMMP_sample_0073,BLiMMP_trip_015,10.8,2021-09-10,2021-09-10,no,unamended,t1,unfiltered-unamended,0.81875
BLI21_TS_050,0.931,BLI20_MA_070,BLiMMP_sample_0073,BLiMMP_trip_015,10.8,2021-09-10,2021-09-10,no,molybdate,t1,unfiltered-molybdate,0.829167
BLI21_TS_050,0.931,BLI20_MA_070,BLiMMP_sample_0073,BLiMMP_trip_015,10.8,2021-09-10,2021-09-10,no,molybdate,t1,unfiltered-molybdate,0.829167
BLI21_TS_051,0.829,BLI20_MA_067,BLiMMP_sample_0073,BLiMMP_trip_015,10.8,2021-09-10,2021-09-10,no,unamended,t1,unfiltered-unamended,0.834028
BLI21_TS_051,0.829,BLI20_MA_067,BLiMMP_sample_0073,BLiMMP_trip_015,10.8,2021-09-10,2021-09-10,no,unamended,t1,unfiltered-unamended,0.834028
BLI21_TS_052,1.14,BLI20_MA_063,BLiMMP_sample_0073,BLiMMP_trip_015,10.8,2021-09-10,2021-09-10,no,unamended,t1,unfiltered-unamended,0.84375
BLI21_TS_052,1.14,BLI20_MA_063,BLiMMP_sample_0073,BLiMMP_trip_015,10.8,2021-09-10,2021-09-10,no,unamended,t1,unfiltered-unamended,0.84375
BLI21_TS_053,0.933,BLI20_MA_064,BLiMMP_sample_0073,BLiMMP_trip_015,10.8,2021-09-10,2021-09-10,no,molybdate,t1,unfiltered-molybdate,0.85
BLI21_TS_053,0.933,BLI20_MA_064,BLiMMP_sample_0073,BLiMMP_trip_015,10.8,2021-09-10,2021-09-10,no,molybdate,t1,unfiltered-molybdate,0.85
BLI21_TS_054,0.829,BLI20_MA_065,BLiMMP_sample_0073,BLiMMP_trip_015,10.8,2021-09-10,2021-09-10,no,unamended,t1,unfiltered-unamended,0.861111
BLI21_TS_054,0.829,BLI20_MA_065,BLiMMP_sample_0073,BLiMMP_trip_015,10.8,2021-09-10,2021-09-10,no,unamended,t1,unfiltered-unamended,0.861111
BLI21_TS_055,0.93,BLI20_MA_066,BLiMMP_sample_0073,BLiMMP_trip_015,10.8,2021-09-10,2021-09-10,no,molybdate,t1,unfiltered-molybdate,0.849306
BLI21_TS_055,0.93,BLI20_MA_066,BLiMMP_sample_0073,BLiMMP_trip_015,10.8,2021-09-10,2021-09-10,no,molybdate,t1,unfiltered-molybdate,0.849306
BLI21_TS_056,12.8,BLI20_MA_082,BLiMMP_sample_0074,BLiMMP_trip_015,11.9,2021-09-10,2021-09-10,yes,unamended,t1,filtered-unamended,0.779167
BLI21_TS_056,12.8,BLI20_MA_082,BLiMMP_sample_0074,BLiMMP_trip_015,11.9,2021-09-10,2021-09-10,yes,unamended,t1,filtered-unamended,0.779167
BLI21_TS_057,13.5,BLI20_MA_081,BLiMMP_sample_0074,BLiMMP_trip_015,11.9,2021-09-10,2021-09-10,yes,unamended,t1,filtered-unamended,0.789583
BLI21_TS_057,13.5,BLI20_MA_081,BLiMMP_sample_0074,BLiMMP_trip_015,11.9,2021-09-10,2021-09-10,yes,unamended,t1,filtered-unamended,0.789583
BLI21_TS_058,24,BLI20_MA_079,BLiMMP_sample_0074,BLiMMP_trip_015,11.9,2021-09-10,2021-09-10,no,unamended,t1,unfiltered-unamended,0.788889
BLI21_TS_058,24,BLI20_MA_079,BLiMMP_sample_0074,BLiMMP_trip_015,11.9,2021-09-10,2021-09-10,no,unamended,t1,unfiltered-unamended,0.788889
BLI21_TS_059,16,BLI20_MA_080,BLiMMP_sample_0074,BLiMMP_trip_015,11.9,2021-09-10,2021-09-10,no,molybdate,t1,unfiltered-molybdate,0.798611
BLI21_TS_059,16,BLI20_MA_080,BLiMMP_sample_0074,BLiMMP_trip_015,11.9,2021-09-10,2021-09-10,no,molybdate,t1,unfiltered-molybdate,0.798611
BLI21_TS_060,25.3,BLI20_MA_077,BLiMMP_sample_0074,BLiMMP_trip_015,11.9,2021-09-10,2021-09-10,no,unamended,t1,unfiltered-unamended,0.804861
BLI21_TS_060,25.3,BLI20_MA_077,BLiMMP_sample_0074,BLiMMP_trip_015,11.9,2021-09-10,2021-09-10,no,unamended,t1,unfiltered-unamended,0.804861
BLI21_TS_061,23.1,BLI20_MA_078,BLiMMP_sample_0074,BLiMMP_trip_015,11.9,2021-09-10,2021-09-10,no,molybdate,t1,unfiltered-molybdate,0.809722
BLI21_TS_061,23.1,BLI20_MA_078,BLiMMP_sample_0074,BLiMMP_trip_015,11.9,2021-09-10,2021-09-10,no,molybdate,t1,unfiltered-molybdate,0.809722
BLI21_TS_062,25.2,BLI20_MA_075,BLiMMP_sample_0074,BLiMMP_trip_015,11.9,2021-09-10,2021-09-10,no,unamended,t1,unfiltered-unamended,0.815972
BLI21_TS_062,25.2,BLI20_MA_075,BLiMMP_sample_0074,BLiMMP_trip_015,11.9,2021-09-10,2021-09-10,no,unamended,t1,unfiltered-unamended,0.815972
BLI21_TS_063,25.9,BLI20_MA_074,BLiMMP_sample_0074,BLiMMP_trip_015,11.9,2021-09-10,2021-09-10,no,molybdate,t1,unfiltered-molybdate,0.823611
BLI21_TS_063,25.9,BLI20_MA_074,BLiMMP_sample_0074,BLiMMP_trip_015,11.9,2021-09-10,2021-09-10,no,molybdate,t1,unfiltered-molybdate,0.823611
BLI21_TS_064,25.8,BLI20_MA_073,BLiMMP_sample_0074,BLiMMP_trip_015,11.9,2021-09-10,2021-09-10,no,unamended,t1,unfiltered-unamended,0.829861
BLI21_TS_064,25.8,BLI20_MA_073,BLiMMP_sample_0074,BLiMMP_trip_015,11.9,2021-09-10,2021-09-10,no,unamended,t1,unfiltered-unamended,0.829861
BLI21_TS_065,22.7,BLI20_MA_076,BLiMMP_sample_0074,BLiMMP_trip_015,11.9,2021-09-10,2021-09-10,no,molybdate,t1,unfiltered-molybdate,0.834722
BLI21_TS_065,22.7,BLI20_MA_076,BLiMMP_sample_0074,BLiMMP_trip_015,11.9,2021-09-10,2021-09-10,no,molybdate,t1,unfiltered-molybdate,0.834722
BLI21_TS_066,94.4,BLI20_MA_089,BLiMMP_sample_0077,BLiMMP_trip_015,19.9,2021-09-10,2021-09-10,no,unamended,t1,unfiltered-unamended,0.760417
BLI21_TS_066,94.4,BLI20_MA_089,BLiMMP_sample_0077,BLiMMP_trip_015,19.9,2021-09-10,2021-09-10,no,unamended,t1,unfiltered-unamended,0.760417
BLI21_TS_067,100,BLI20_MA_090,BLiMMP_sample_0077,BLiMMP_trip_015,19.9,2021-09-10,2021-09-10,no,molybdate,t1,unfiltered-molybdate,0.765972
BLI21_TS_067,100,BLI20_MA_090,BLiMMP_sample_0077,BLiMMP_trip_015,19.9,2021-09-10,2021-09-10,no,molybdate,t1,unfiltered-molybdate,0.765972
BLI21_TS_068,90.6,BLI20_MA_091,BLiMMP_sample_0077,BLiMMP_trip_015,19.9,2021-09-10,2021-09-10,yes,unamended,t1,filtered-unamended,0.772222
BLI21_TS_068,90.6,BLI20_MA_091,BLiMMP_sample_0077,BLiMMP_trip_015,19.9,2021-09-10,2021-09-10,yes,unamended,t1,filtered-unamended,0.772222
BLI21_TS_069,103,BLI20_MA_088,BLiMMP_sample_0077,BLiMMP_trip_015,19.9,2021-09-10,2021-09-10,no,molybdate,t1,unfiltered-molybdate,0.777778
BLI21_TS_069,103,BLI20_MA_088,BLiMMP_sample_0077,BLiMMP_trip_015,19.9,2021-09-10,2021-09-10,no,molybdate,t1,unfiltered-molybdate,0.777778
BLI21_TS_070,92.1,BLI20_MA_092,BLiMMP_sample_0077,BLiMMP_trip_015,19.9,2021-09-10,2021-09-10,yes,unamended,t1,filtered-unamended,0.783333
BLI21_TS_070,92.1,BLI20_MA_092,BLiMMP_sample_0077,BLiMMP_trip_015,19.9,2021-09-10,2021-09-10,yes,unamended,t1,filtered-unamended,0.783333
BLI21_TS_071,107,BLI20_MA_087,BLiMMP_sample_0077,BLiMMP_trip_015,19.9,2021-09-10,2021-09-10,no,unamended,t1,unfiltered-unamended,0.789583
BLI21_TS_071,107,BLI20_MA_087,BLiMMP_sample_0077,BLiMMP_trip_015,19.9,2021-09-10,2021-09-10,no,unamended,t1,unfiltered-unamended,0.789583
BLI21_TS_072,108,BLI20_MA_086,BLiMMP_sample_0077,BLiMMP_trip_015,19.9,2021-09-10,2021-09-10,no,molybdate,t1,unfiltered-molybdate,0.795139
BLI21_TS_072,108,BLI20_MA_086,BLiMMP_sample_0077,BLiMMP_trip_015,19.9,2021-09-10,2021-09-10,no,molybdate,t1,unfiltered-molybdate,0.795139
BLI21_TS_073,107,BLI20_MA_085,BLiMMP_sample_0077,BLiMMP_trip_015,19.9,2021-09-10,2021-09-10,no,unamended,t1,unfiltered-unamended,0.802778
BLI21_TS_073,107,BLI20_MA_085,BLiMMP_sample_0077,BLiMMP_trip_015,19.9,2021-09-10,2021-09-10,no,unamended,t1,unfiltered-unamended,0.802778
BLI21_TS_074,109,BLI20_MA_084,BLiMMP_sample_0077,BLiMMP_trip_015,19.9,2021-09-10,2021-09-10,no,molybdate,t1,unfiltered-molybdate,0.809028
BLI21_TS_074,109,BLI20_MA_084,BLiMMP_sample_0077,BLiMMP_trip_015,19.9,2021-09-10,2021-09-10,no,molybdate,t1,unfiltered-molybdate,0.809028
BLI21_TS_075,106,BLI20_MA_083,BLiMMP_sample_0077,BLiMMP_trip_015,19.9,2021-09-10,2021-09-10,no,unamended,t1,unfiltered-unamended,0.813889
BLI21_TS_075,106,BLI20_MA_083,BLiMMP_sample_0077,BLiMMP_trip_015,19.9,2021-09-10,2021-09-10,no,unamended,t1,unfiltered-unamended,0.813889
BLI21_TS_076,1.07,BLI20_MA_066,BLiMMP_sample_0073,BLiMMP_trip_015,10.8,2021-09-10,2021-09-10,no,molybdate,t2,unfiltered-molybdate,1.856944
BLI21_TS_076,1.07,BLI20_MA_066,BLiMMP_sample_0073,BLiMMP_trip_015,10.8,2021-09-10,2021-09-10,no,molybdate,t2,unfiltered-molybdate,1.856944
BLI21_TS_077,1.05,BLI20_MA_065,BLiMMP_sample_0073,BLiMMP_trip_015,10.8,2021-09-10,2021-09-10,no,unamended,t2,unfiltered-unamended,1.872917
BLI21_TS_077,1.05,BLI20_MA_065,BLiMMP_sample_0073,BLiMMP_trip_015,10.8,2021-09-10,2021-09-10,no,unamended,t2,unfiltered-unamended,1.872917
BLI21_TS_078,1.08,BLI20_MA_064,BLiMMP_sample_0073,BLiMMP_trip_015,10.8,2021-09-10,2021-09-10,no,molybdate,t2,unfiltered-molybdate,1.869444
BLI21_TS_078,1.08,BLI20_MA_064,BLiMMP_sample_0073,BLiMMP_trip_015,10.8,2021-09-10,2021-09-10,no,molybdate,t2,unfiltered-molybdate,1.869444
BLI21_TS_079,1.24,BLI20_MA_063,BLiMMP_sample_0073,BLiMMP_trip_015,10.8,2021-09-10,2021-09-10,no,unamended,t2,unfiltered-unamended,1.867361
BLI21_TS_079,1.24,BLI20_MA_063,BLiMMP_sample_0073,BLiMMP_trip_015,10.8,2021-09-10,2021-09-10,no,unamended,t2,unfiltered-unamended,1.867361
BLI21_TS_080,0.0186,BLI20_MA_067,BLiMMP_sample_0073,BLiMMP_trip_015,10.8,2021-09-10,2021-09-10,no,unamended,t2,unfiltered-unamended,1.863194
BLI21_TS_080,0.0186,BLI20_MA_067,BLiMMP_sample_0073,BLiMMP_trip_015,10.8,2021-09-10,2021-09-10,no,unamended,t2,unfiltered-unamended,1.863194
BLI21_TS_081,0.0186,BLI20_MA_070,BLiMMP_sample_0073,BLiMMP_trip_015,10.8,2021-09-10,2021-09-10,no,molybdate,t2,unfiltered-molybdate,1.861111
BLI21_TS_081,0.0186,BLI20_MA_070,BLiMMP_sample_0073,BLiMMP_trip_015,10.8,2021-09-10,2021-09-10,no,molybdate,t2,unfiltered-molybdate,1.861111
BLI21_TS_082,0.0186,BLI20_MA_069,BLiMMP_sample_0073,BLiMMP_trip_015,10.8,2021-09-10,2021-09-10,no,unamended,t2,unfiltered-unamended,1.855556
BLI21_TS_082,0.0186,BLI20_MA_069,BLiMMP_sample_0073,BLiMMP_trip_015,10.8,2021-09-10,2021-09-10,no,unamended,t2,unfiltered-unamended,1.855556
BLI21_TS_083,0,BLI20_MA_071,BLiMMP_sample_0073,BLiMMP_trip_015,10.8,2021-09-10,2021-09-10,yes,unamended,t2,filtered-unamended,1.853472
BLI21_TS_083,0,BLI20_MA_071,BLiMMP_sample_0073,BLiMMP_trip_015,10.8,2021-09-10,2021-09-10,yes,unamended,t2,filtered-unamended,1.853472
BLI21_TS_084,0.125,BLI20_MA_068,BLiMMP_sample_0073,BLiMMP_trip_015,10.8,2021-09-10,2021-09-10,no,molybdate,t2,unfiltered-molybdate,1.8625
BLI21_TS_084,0.125,BLI20_MA_068,BLiMMP_sample_0073,BLiMMP_trip_015,10.8,2021-09-10,2021-09-10,no,molybdate,t2,unfiltered-molybdate,1.8625
BLI21_TS_085,0.0184,BLI20_MA_072,BLiMMP_sample_0073,BLiMMP_trip_015,10.8,2021-09-10,2021-09-10,yes,unamended,t2,filtered-unamended,1.854167
BLI21_TS_085,0.0184,BLI20_MA_072,BLiMMP_sample_0073,BLiMMP_trip_015,10.8,2021-09-10,2021-09-10,yes,unamended,t2,filtered-unamended,1.854167
BLI21_TS_086,18.8,BLI20_MA_076,BLiMMP_sample_0074,BLiMMP_trip_015,11.9,2021-09-10,2021-09-10,no,molybdate,t2,unfiltered-molybdate,1.838194
BLI21_TS_086,18.8,BLI20_MA_076,BLiMMP_sample_0074,BLiMMP_trip_015,11.9,2021-09-10,2021-09-10,no,molybdate,t2,unfiltered-molybdate,1.838194
BLI21_TS_087,23.3,BLI20_MA_073,BLiMMP_sample_0074,BLiMMP_trip_015,11.9,2021-09-10,2021-09-10,no,unamended,t2,unfiltered-unamended,1.8375
BLI21_TS_087,23.3,BLI20_MA_073,BLiMMP_sample_0074,BLiMMP_trip_015,11.9,2021-09-10,2021-09-10,no,unamended,t2,unfiltered-unamended,1.8375
BLI21_TS_088,23,BLI20_MA_074,BLiMMP_sample_0074,BLiMMP_trip_015,11.9,2021-09-10,2021-09-10,no,molybdate,t2,unfiltered-molybdate,1.835417
BLI21_TS_088,23,BLI20_MA_074,BLiMMP_sample_0074,BLiMMP_trip_015,11.9,2021-09-10,2021-09-10,no,molybdate,t2,unfiltered-molybdate,1.835417
BLI21_TS_089,19.5,BLI20_MA_078,BLiMMP_sample_0074,BLiMMP_trip_015,11.9,2021-09-10,2021-09-10,no,molybdate,t2,unfiltered-molybdate,1.829167
BLI21_TS_089,19.5,BLI20_MA_078,BLiMMP_sample_0074,BLiMMP_trip_015,11.9,2021-09-10,2021-09-10,no,molybdate,t2,unfiltered-molybdate,1.829167
BLI21_TS_090,22.4,BLI20_MA_075,BLiMMP_sample_0074,BLiMMP_trip_015,11.9,2021-09-10,2021-09-10,no,unamended,t2,unfiltered-unamended,1.835417
BLI21_TS_090,22.4,BLI20_MA_075,BLiMMP_sample_0074,BLiMMP_trip_015,11.9,2021-09-10,2021-09-10,no,unamended,t2,unfiltered-unamended,1.835417
BLI21_TS_091,23,BLI20_MA_077,BLiMMP_sample_0074,BLiMMP_trip_015,11.9,2021-09-10,2021-09-10,no,unamended,t2,unfiltered-unamended,1.829861
BLI21_TS_091,23,BLI20_MA_077,BLiMMP_sample_0074,BLiMMP_trip_015,11.9,2021-09-10,2021-09-10,no,unamended,t2,unfiltered-unamended,1.829861
BLI21_TS_092,14.1,BLI20_MA_080,BLiMMP_sample_0074,BLiMMP_trip_015,11.9,2021-09-10,2021-09-10,no,molybdate,t2,unfiltered-molybdate,1.827778
BLI21_TS_092,14.1,BLI20_MA_080,BLiMMP_sample_0074,BLiMMP_trip_015,11.9,2021-09-10,2021-09-10,no,molybdate,t2,unfiltered-molybdate,1.827778
BLI21_TS_093,21.2,BLI20_MA_079,BLiMMP_sample_0074,BLiMMP_trip_015,11.9,2021-09-10,2021-09-10,no,unamended,t2,unfiltered-unamended,1.821528
BLI21_TS_093,21.2,BLI20_MA_079,BLiMMP_sample_0074,BLiMMP_trip_015,11.9,2021-09-10,2021-09-10,no,unamended,t2,unfiltered-unamended,1.821528
BLI21_TS_094,8.1,BLI20_MA_082,BLiMMP_sample_0074,BLiMMP_trip_015,11.9,2021-09-10,2021-09-10,yes,unamended,t2,filtered-unamended,1.819444
BLI21_TS_094,8.1,BLI20_MA_082,BLiMMP_sample_0074,BLiMMP_trip_015,11.9,2021-09-10,2021-09-10,yes,unamended,t2,filtered-unamended,1.819444
BLI21_TS_095,9.44,BLI20_MA_081,BLiMMP_sample_0074,BLiMMP_trip_015,11.9,2021-09-10,2021-09-10,yes,unamended,t2,filtered-unamended,1.829167
BLI21_TS_095,9.44,BLI20_MA_081,BLiMMP_sample_0074,BLiMMP_trip_015,11.9,2021-09-10,2021-09-10,yes,unamended,t2,filtered-unamended,1.829167
BLI21_TS_096,98.9,BLI20_MA_084,BLiMMP_sample_0077,BLiMMP_trip_015,19.9,2021-09-10,2021-09-10,no,molybdate,t2,unfiltered-molybdate,1.803472
BLI21_TS_096,98.9,BLI20_MA_084,BLiMMP_sample_0077,BLiMMP_trip_015,19.9,2021-09-10,2021-09-10,no,molybdate,t2,unfiltered-molybdate,1.803472
BLI21_TS_097,108,BLI20_MA_087,BLiMMP_sample_0077,BLiMMP_trip_015,19.9,2021-09-10,2021-09-10,no,unamended,t2,unfiltered-unamended,1.793056
BLI21_TS_097,108,BLI20_MA_087,BLiMMP_sample_0077,BLiMMP_trip_015,19.9,2021-09-10,2021-09-10,no,unamended,t2,unfiltered-unamended,1.793056
BLI21_TS_098,101,BLI20_MA_083,BLiMMP_sample_0077,BLiMMP_trip_015,19.9,2021-09-10,2021-09-10,no,unamended,t2,unfiltered-unamended,1.810417
BLI21_TS_098,101,BLI20_MA_083,BLiMMP_sample_0077,BLiMMP_trip_015,19.9,2021-09-10,2021-09-10,no,unamended,t2,unfiltered-unamended,1.810417
BLI21_TS_099,85.6,BLI20_MA_092,BLiMMP_sample_0077,BLiMMP_trip_015,19.9,2021-09-10,2021-09-10,yes,unamended,t2,filtered-unamended,1.793056
BLI21_TS_099,85.6,BLI20_MA_092,BLiMMP_sample_0077,BLiMMP_trip_015,19.9,2021-09-10,2021-09-10,yes,unamended,t2,filtered-unamended,1.793056
BLI21_TS_100,102,BLI20_MA_085,BLiMMP_sample_0077,BLiMMP_trip_015,19.9,2021-09-10,2021-09-10,no,unamended,t2,unfiltered-unamended,1.808333
BLI21_TS_100,102,BLI20_MA_085,BLiMMP_sample_0077,BLiMMP_trip_015,19.9,2021-09-10,2021-09-10,no,unamended,t2,unfiltered-unamended,1.808333
BLI21_TS_101,97.9,BLI20_MA_088,BLiMMP_sample_0077,BLiMMP_trip_015,19.9,2021-09-10,2021-09-10,no,molybdate,t2,unfiltered-molybdate,1.794444
BLI21_TS_101,97.9,BLI20_MA_088,BLiMMP_sample_0077,BLiMMP_trip_015,19.9,2021-09-10,2021-09-10,no,molybdate,t2,unfiltered-molybdate,1.794444
BLI21_TS_102,86.3,BLI20_MA_091,BLiMMP_sample_0077,BLiMMP_trip_015,19.9,2021-09-10,2021-09-10,yes,unamended,t2,filtered-unamended,1.793056
BLI21_TS_102,86.3,BLI20_MA_091,BLiMMP_sample_0077,BLiMMP_trip_015,19.9,2021-09-10,2021-09-10,yes,unamended,t2,filtered-unamended,1.793056
BLI21_TS_103,97.2,BLI20_MA_090,BLiMMP_sample_0077,BLiMMP_trip_015,19.9,2021-09-10,2021-09-10,no,molybdate,t2,unfiltered-molybdate,1.791667
BLI21_TS_103,97.2,BLI20_MA_090,BLiMMP_sample_0077,BLiMMP_trip_015,19.9,2021-09-10,2021-09-10,no,molybdate,t2,unfiltered-molybdate,1.791667
BLI21_TS_104,101,BLI20_MA_089,BLiMMP_sample_0077,BLiMMP_trip_015,19.9,2021-09-10,2021-09-10,no,unamended,t2,unfiltered-unamended,1.790972
BLI21_TS_104,101,BLI20_MA_089,BLiMMP_sample_0077,BLiMMP_trip_015,19.9,2021-09-10,2021-09-10,no,unamended,t2,unfiltered-unamended,1.790972
BLI21_TS_105,101,BLI20_MA_086,BLiMMP_sample_0077,BLiMMP_trip_015,19.9,2021-09-10,2021-09-10,no,molybdate,t2,unfiltered-molybdate,1.813194
BLI21_TS_105,101,BLI20_MA_086,BLiMMP_sample_0077,BLiMMP_trip_015,19.9,2021-09-10,2021-09-10,no,molybdate,t2,unfiltered-molybdate,1.813194
BLI21_TS_113,0.0712,BLI20_MA_093,BLiMMP_sample_0081,BLiMMP_trip_016,14.2,2021-10-14,2021-10-14,no,unamended,t0,unfiltered-unamended,0
BLI21_TS_113,0.0712,BLI20_MA_093,BLiMMP_sample_0081,BLiMMP_trip_016,14.2,2021-10-14,2021-10-14,no,unamended,t0,unfiltered-unamended,0
BLI21_TS_116,0.125,BLI20_MA_095,BLiMMP_sample_0081,BLiMMP_trip_016,14.2,2021-10-14,2021-10-14,no,unamended,t0,unfiltered-unamended,0
BLI21_TS_116,0.125,BLI20_MA_095,BLiMMP_sample_0081,BLiMMP_trip_016,14.2,2021-10-14,2021-10-14,no,unamended,t0,unfiltered-unamended,0
BLI21_TS_117,0.179,BLI20_MA_094,BLiMMP_sample_0081,BLiMMP_trip_016,14.2,2021-10-14,2021-10-14,no,molybdate,t0,unfiltered-molybdate,0
BLI21_TS_117,0.179,BLI20_MA_094,BLiMMP_sample_0081,BLiMMP_trip_016,14.2,2021-10-14,2021-10-14,no,molybdate,t0,unfiltered-molybdate,0
BLI21_TS_118,0.18,BLI20_MA_097,BLiMMP_sample_0081,BLiMMP_trip_016,14.2,2021-10-14,2021-10-14,no,unamended,t0,unfiltered-unamended,0
BLI21_TS_118,0.18,BLI20_MA_097,BLiMMP_sample_0081,BLiMMP_trip_016,14.2,2021-10-14,2021-10-14,no,unamended,t0,unfiltered-unamended,0
BLI21_TS_121,0,BLI20_MA_102,BLiMMP_sample_0081,BLiMMP_trip_016,14.2,2021-10-14,2021-10-14,yes,unamended,t0,filtered-unamended,0
BLI21_TS_121,0,BLI20_MA_102,BLiMMP_sample_0081,BLiMMP_trip_016,14.2,2021-10-14,2021-10-14,yes,unamended,t0,filtered-unamended,0
BLI21_TS_122,0,BLI20_MA_101,BLiMMP_sample_0081,BLiMMP_trip_016,14.2,2021-10-14,2021-10-14,yes,unamended,t0,filtered-unamended,0
BLI21_TS_122,0,BLI20_MA_101,BLiMMP_sample_0081,BLiMMP_trip_016,14.2,2021-10-14,2021-10-14,yes,unamended,t0,filtered-unamended,0
BLI21_TS_123,0,BLI20_MA_100,BLiMMP_sample_0081,BLiMMP_trip_016,14.2,2021-10-14,2021-10-14,no,molybdate,t0,unfiltered-molybdate,0
BLI21_TS_123,0,BLI20_MA_100,BLiMMP_sample_0081,BLiMMP_trip_016,14.2,2021-10-14,2021-10-14,no,molybdate,t0,unfiltered-molybdate,0
BLI21_TS_124,0,BLI20_MA_099,BLiMMP_sample_0081,BLiMMP_trip_016,14.2,2021-10-14,2021-10-14,no,unamended,t0,unfiltered-unamended,0
BLI21_TS_124,0,BLI20_MA_099,BLiMMP_sample_0081,BLiMMP_trip_016,14.2,2021-10-14,2021-10-14,no,unamended,t0,unfiltered-unamended,0
BLI21_TS_126,0,BLI20_MA_098,BLiMMP_sample_0081,BLiMMP_trip_016,14.2,2021-10-14,2021-10-14,no,molybdate,t0,unfiltered-molybdate,0
BLI21_TS_126,0,BLI20_MA_098,BLiMMP_sample_0081,BLiMMP_trip_016,14.2,2021-10-14,2021-10-14,no,molybdate,t0,unfiltered-molybdate,0
BLI21_TS_127,0,BLI20_MA_096,BLiMMP_sample_0081,BLiMMP_trip_016,14.2,2021-10-14,2021-10-14,no,molybdate,t0,unfiltered-molybdate,0
BLI21_TS_127,0,BLI20_MA_096,BLiMMP_sample_0081,BLiMMP_trip_016,14.2,2021-10-14,2021-10-14,no,molybdate,t0,unfiltered-molybdate,0
BLI21_TS_128,73.6,BLI20_MA_108,BLiMMP_sample_0082,BLiMMP_trip_016,15.2,2021-10-14,2021-10-14,no,molybdate,t0,unfiltered-molybdate,0
BLI21_TS_128,73.6,BLI20_MA_108,BLiMMP_sample_0082,BLiMMP_trip_016,15.2,2021-10-14,2021-10-14,no,molybdate,t0,unfiltered-molybdate,0
BLI21_TS_129,68.5,BLI20_MA_107,BLiMMP_sample_0082,BLiMMP_trip_016,15.2,2021-10-14,2021-10-14,no,unamended,t0,unfiltered-unamended,0
BLI21_TS_129,68.5,BLI20_MA_107,BLiMMP_sample_0082,BLiMMP_trip_016,15.2,2021-10-14,2021-10-14,no,unamended,t0,unfiltered-unamended,0
BLI21_TS_130,68.9,BLI20_MA_105,BLiMMP_sample_0082,BLiMMP_trip_016,15.2,2021-10-14,2021-10-14,no,unamended,t0,unfiltered-unamended,0
BLI21_TS_130,68.9,BLI20_MA_105,BLiMMP_sample_0082,BLiMMP_trip_016,15.2,2021-10-14,2021-10-14,no,unamended,t0,unfiltered-unamended,0
BLI21_TS_131,67,BLI20_MA_104,BLiMMP_sample_0082,BLiMMP_trip_016,15.2,2021-10-14,2021-10-14,no,molybdate,t0,unfiltered-molybdate,0
BLI21_TS_131,67,BLI20_MA_104,BLiMMP_sample_0082,BLiMMP_trip_016,15.2,2021-10-14,2021-10-14,no,molybdate,t0,unfiltered-molybdate,0
BLI21_TS_132,77,BLI20_MA_103,BLiMMP_sample_0082,BLiMMP_trip_016,15.2,2021-10-14,2021-10-14,no,unamended,t0,unfiltered-unamended,0
BLI21_TS_132,77,BLI20_MA_103,BLiMMP_sample_0082,BLiMMP_trip_016,15.2,2021-10-14,2021-10-14,no,unamended,t0,unfiltered-unamended,0
BLI21_TS_133,57.1,BLI20_MA_112,BLiMMP_sample_0082,BLiMMP_trip_016,15.2,2021-10-14,2021-10-14,yes,unamended,t0,filtered-unamended,0
BLI21_TS_133,57.1,BLI20_MA_112,BLiMMP_sample_0082,BLiMMP_trip_016,15.2,2021-10-14,2021-10-14,yes,unamended,t0,filtered-unamended,0
BLI21_TS_134,67.2,BLI20_MA_110,BLiMMP_sample_0082,BLiMMP_trip_016,15.2,2021-10-14,2021-10-14,no,molybdate,t0,unfiltered-molybdate,0
BLI21_TS_134,67.2,BLI20_MA_110,BLiMMP_sample_0082,BLiMMP_trip_016,15.2,2021-10-14,2021-10-14,no,molybdate,t0,unfiltered-molybdate,0
BLI21_TS_136,68,BLI20_MA_109,BLiMMP_sample_0082,BLiMMP_trip_016,15.2,2021-10-14,2021-10-14,no,unamended,t0,unfiltered-unamended,0
BLI21_TS_136,68,BLI20_MA_109,BLiMMP_sample_0082,BLiMMP_trip_016,15.2,2021-10-14,2021-10-14,no,unamended,t0,unfiltered-unamended,0
BLI21_TS_137,57.5,BLI20_MA_111,BLiMMP_sample_0082,BLiMMP_trip_016,15.2,2021-10-14,2021-10-14,yes,unamended,t0,filtered-unamended,0
BLI21_TS_137,57.5,BLI20_MA_111,BLiMMP_sample_0082,BLiMMP_trip_016,15.2,2021-10-14,2021-10-14,yes,unamended,t0,filtered-unamended,0
BLI21_TS_138,145,BLI20_MA_113,BLiMMP_sample_0085,BLiMMP_trip_016,19.9,2021-10-14,2021-10-14,no,unamended,t0,unfiltered-unamended,0
BLI21_TS_138,145,BLI20_MA_113,BLiMMP_sample_0085,BLiMMP_trip_016,19.9,2021-10-14,2021-10-14,no,unamended,t0,unfiltered-unamended,0
BLI21_TS_140,139,BLI20_MA_114,BLiMMP_sample_0085,BLiMMP_trip_016,19.9,2021-10-14,2021-10-14,no,molybdate,t0,unfiltered-molybdate,0
BLI21_TS_140,139,BLI20_MA_114,BLiMMP_sample_0085,BLiMMP_trip_016,19.9,2021-10-14,2021-10-14,no,molybdate,t0,unfiltered-molybdate,0
BLI21_TS_141,138,BLI20_MA_118,BLiMMP_sample_0085,BLiMMP_trip_016,19.9,2021-10-14,2021-10-14,no,molybdate,t0,unfiltered-molybdate,0
BLI21_TS_141,138,BLI20_MA_118,BLiMMP_sample_0085,BLiMMP_trip_016,19.9,2021-10-14,2021-10-14,no,molybdate,t0,unfiltered-molybdate,0
BLI21_TS_142,151,BLI20_MA_115,BLiMMP_sample_0085,BLiMMP_trip_016,19.9,2021-10-14,2021-10-14,no,unamended,t0,unfiltered-unamended,0
BLI21_TS_142,151,BLI20_MA_115,BLiMMP_sample_0085,BLiMMP_trip_016,19.9,2021-10-14,2021-10-14,no,unamended,t0,unfiltered-unamended,0
BLI21_TS_143,134,BLI20_MA_121,BLiMMP_sample_0085,BLiMMP_trip_016,19.9,2021-10-14,2021-10-14,yes,unamended,t0,filtered-unamended,0
BLI21_TS_143,134,BLI20_MA_121,BLiMMP_sample_0085,BLiMMP_trip_016,19.9,2021-10-14,2021-10-14,yes,unamended,t0,filtered-unamended,0
BLI21_TS_144,146,BLI20_MA_122,BLiMMP_sample_0085,BLiMMP_trip_016,19.9,2021-10-14,2021-10-14,yes,unamended,t0,filtered-unamended,0
BLI21_TS_144,146,BLI20_MA_122,BLiMMP_sample_0085,BLiMMP_trip_016,19.9,2021-10-14,2021-10-14,yes,unamended,t0,filtered-unamended,0
BLI21_TS_145,135,BLI20_MA_119,BLiMMP_sample_0085,BLiMMP_trip_016,19.9,2021-10-14,2021-10-14,no,unamended,t0,unfiltered-unamended,0
BLI21_TS_145,135,BLI20_MA_119,BLiMMP_sample_0085,BLiMMP_trip_016,19.9,2021-10-14,2021-10-14,no,unamended,t0,unfiltered-unamended,0
BLI21_TS_147,61.2,BLI20_MA_106,BLiMMP_sample_0082,BLiMMP_trip_016,15.2,2021-10-14,2021-10-14,no,molybdate,t0,unfiltered-molybdate,0
BLI21_TS_147,61.2,BLI20_MA_106,BLiMMP_sample_0082,BLiMMP_trip_016,15.2,2021-10-14,2021-10-14,no,molybdate,t0,unfiltered-molybdate,0
BLI21_TS_148,151,BLI20_MA_116,BLiMMP_sample_0085,BLiMMP_trip_016,19.9,2021-10-14,2021-10-14,no,molybdate,t0,unfiltered-molybdate,0
BLI21_TS_148,151,BLI20_MA_116,BLiMMP_sample_0085,BLiMMP_trip_016,19.9,2021-10-14,2021-10-14,no,molybdate,t0,unfiltered-molybdate,0
BLI21_TS_149,158,BLI20_MA_117,BLiMMP_sample_0085,BLiMMP_trip_016,19.9,2021-10-14,2021-10-14,no,unamended,t0,unfiltered-unamended,0
BLI21_TS_149,158,BLI20_MA_117,BLiMMP_sample_0085,BLiMMP_trip_016,19.9,2021-10-14,2021-10-14,no,unamended,t0,unfiltered-unamended,0
BLI21_TS_150,148,BLI20_MA_120,BLiMMP_sample_0085,BLiMMP_trip_016,19.9,2021-10-14,2021-10-14,no,molybdate,t0,unfiltered-molybdate,0
BLI21_TS_150,148,BLI20_MA_120,BLiMMP_sample_0085,BLiMMP_trip_016,19.9,2021-10-14,2021-10-14,no,molybdate,t0,unfiltered-molybdate,0
BLI21_TS_151,0,BLI20_MA_093,BLiMMP_sample_0081,BLiMMP_trip_016,14.2,2021-10-14,2021-10-14,no,unamended,t2,unfiltered-unamended,1.957639
BLI21_TS_151,0,BLI20_MA_093,BLiMMP_sample_0081,BLiMMP_trip_016,14.2,2021-10-14,2021-10-14,no,unamended,t2,unfiltered-unamended,1.957639
BLI21_TS_152,134,BLI20_MA_119,BLiMMP_sample_0085,BLiMMP_trip_016,19.9,2021-10-14,2021-10-14,no,unamended,t1,unfiltered-unamended,1.011806
BLI21_TS_152,134,BLI20_MA_119,BLiMMP_sample_0085,BLiMMP_trip_016,19.9,2021-10-14,2021-10-14,no,unamended,t1,unfiltered-unamended,1.011806
BLI21_TS_153,138,BLI20_MA_116,BLiMMP_sample_0085,BLiMMP_trip_016,19.9,2021-10-14,2021-10-14,no,molybdate,t1,unfiltered-molybdate,1.021528
BLI21_TS_153,138,BLI20_MA_116,BLiMMP_sample_0085,BLiMMP_trip_016,19.9,2021-10-14,2021-10-14,no,molybdate,t1,unfiltered-molybdate,1.021528
BLI21_TS_154,138,BLI20_MA_118,BLiMMP_sample_0085,BLiMMP_trip_016,19.9,2021-10-14,2021-10-14,no,molybdate,t1,unfiltered-molybdate,1.018056
BLI21_TS_154,138,BLI20_MA_118,BLiMMP_sample_0085,BLiMMP_trip_016,19.9,2021-10-14,2021-10-14,no,molybdate,t1,unfiltered-molybdate,1.018056
BLI21_TS_155,0,BLI20_MA_100,BLiMMP_sample_0081,BLiMMP_trip_016,14.2,2021-10-14,2021-10-14,no,molybdate,t2,unfiltered-molybdate,1.955556
BLI21_TS_155,0,BLI20_MA_100,BLiMMP_sample_0081,BLiMMP_trip_016,14.2,2021-10-14,2021-10-14,no,molybdate,t2,unfiltered-molybdate,1.955556
BLI21_TS_156,0,BLI20_MA_095,BLiMMP_sample_0081,BLiMMP_trip_016,14.2,2021-10-14,2021-10-14,no,unamended,t2,unfiltered-unamended,1.952778
BLI21_TS_156,0,BLI20_MA_095,BLiMMP_sample_0081,BLiMMP_trip_016,14.2,2021-10-14,2021-10-14,no,unamended,t2,unfiltered-unamended,1.952778
BLI21_TS_157,133,BLI20_MA_114,BLiMMP_sample_0085,BLiMMP_trip_016,19.9,2021-10-14,2021-10-14,no,molybdate,t1,unfiltered-molybdate,1.016667
BLI21_TS_157,133,BLI20_MA_114,BLiMMP_sample_0085,BLiMMP_trip_016,19.9,2021-10-14,2021-10-14,no,molybdate,t1,unfiltered-molybdate,1.016667
BLI21_TS_158,127,BLI20_MA_121,BLiMMP_sample_0085,BLiMMP_trip_016,19.9,2021-10-14,2021-10-14,yes,unamended,t1,filtered-unamended,1.016667
BLI21_TS_158,127,BLI20_MA_121,BLiMMP_sample_0085,BLiMMP_trip_016,19.9,2021-10-14,2021-10-14,yes,unamended,t1,filtered-unamended,1.016667
BLI21_TS_159,138,BLI20_MA_120,BLiMMP_sample_0085,BLiMMP_trip_016,19.9,2021-10-14,2021-10-14,no,molybdate,t1,unfiltered-molybdate,1.011111
BLI21_TS_159,138,BLI20_MA_120,BLiMMP_sample_0085,BLiMMP_trip_016,19.9,2021-10-14,2021-10-14,no,molybdate,t1,unfiltered-molybdate,1.011111
BLI21_TS_160,143,BLI20_MA_113,BLiMMP_sample_0085,BLiMMP_trip_016,19.9,2021-10-14,2021-10-14,no,unamended,t1,unfiltered-unamended,1.017361
BLI21_TS_160,143,BLI20_MA_113,BLiMMP_sample_0085,BLiMMP_trip_016,19.9,2021-10-14,2021-10-14,no,unamended,t1,unfiltered-unamended,1.017361
BLI21_TS_161,61.9,BLI20_MA_105,BLiMMP_sample_0082,BLiMMP_trip_016,15.2,2021-10-14,2021-10-14,no,unamended,t2,unfiltered-unamended,1.946528
BLI21_TS_161,61.9,BLI20_MA_105,BLiMMP_sample_0082,BLiMMP_trip_016,15.2,2021-10-14,2021-10-14,no,unamended,t2,unfiltered-unamended,1.946528
BLI21_TS_162,0,BLI20_MA_098,BLiMMP_sample_0081,BLiMMP_trip_016,14.2,2021-10-14,2021-10-14,no,molybdate,t2,unfiltered-molybdate,1.95
BLI21_TS_162,0,BLI20_MA_098,BLiMMP_sample_0081,BLiMMP_trip_016,14.2,2021-10-14,2021-10-14,no,molybdate,t2,unfiltered-molybdate,1.95
BLI21_TS_163,0,BLI20_MA_096,BLiMMP_sample_0081,BLiMMP_trip_016,14.2,2021-10-14,2021-10-14,no,molybdate,t2,unfiltered-molybdate,1.951389
BLI21_TS_163,0,BLI20_MA_096,BLiMMP_sample_0081,BLiMMP_trip_016,14.2,2021-10-14,2021-10-14,no,molybdate,t2,unfiltered-molybdate,1.951389
BLI21_TS_164,0.0755,BLI20_MA_094,BLiMMP_sample_0081,BLiMMP_trip_016,14.2,2021-10-14,2021-10-14,no,molybdate,t2,unfiltered-molybdate,1.955556
BLI21_TS_164,0.0755,BLI20_MA_094,BLiMMP_sample_0081,BLiMMP_trip_016,14.2,2021-10-14,2021-10-14,no,molybdate,t2,unfiltered-molybdate,1.955556
BLI21_TS_165,120,BLI20_MA_122,BLiMMP_sample_0085,BLiMMP_trip_016,19.9,2021-10-14,2021-10-14,yes,unamended,t1,filtered-unamended,1.015972
BLI21_TS_165,120,BLI20_MA_122,BLiMMP_sample_0085,BLiMMP_trip_016,19.9,2021-10-14,2021-10-14,yes,unamended,t1,filtered-unamended,1.015972
BLI21_TS_166,51.7,BLI20_MA_112,BLiMMP_sample_0082,BLiMMP_trip_016,15.2,2021-10-14,2021-10-14,yes,unamended,t2,filtered-unamended,1.936111
BLI21_TS_166,51.7,BLI20_MA_112,BLiMMP_sample_0082,BLiMMP_trip_016,15.2,2021-10-14,2021-10-14,yes,unamended,t2,filtered-unamended,1.936111
BLI21_TS_167,63.2,BLI20_MA_106,BLiMMP_sample_0082,BLiMMP_trip_016,15.2,2021-10-14,2021-10-14,no,molybdate,t2,unfiltered-molybdate,1.947222
BLI21_TS_167,63.2,BLI20_MA_106,BLiMMP_sample_0082,BLiMMP_trip_016,15.2,2021-10-14,2021-10-14,no,molybdate,t2,unfiltered-molybdate,1.947222
BLI21_TS_168,64.6,BLI20_MA_104,BLiMMP_sample_0082,BLiMMP_trip_016,15.2,2021-10-14,2021-10-14,no,molybdate,t2,unfiltered-molybdate,1.936806
BLI21_TS_168,64.6,BLI20_MA_104,BLiMMP_sample_0082,BLiMMP_trip_016,15.2,2021-10-14,2021-10-14,no,molybdate,t2,unfiltered-molybdate,1.936806
BLI21_TS_169,65.8,BLI20_MA_107,BLiMMP_sample_0082,BLiMMP_trip_016,15.2,2021-10-14,2021-10-14,no,unamended,t2,unfiltered-unamended,1.939583
BLI21_TS_169,65.8,BLI20_MA_107,BLiMMP_sample_0082,BLiMMP_trip_016,15.2,2021-10-14,2021-10-14,no,unamended,t2,unfiltered-unamended,1.939583
BLI21_TS_170,60,BLI20_MA_108,BLiMMP_sample_0082,BLiMMP_trip_016,15.2,2021-10-14,2021-10-14,no,molybdate,t2,unfiltered-molybdate,1.94375
BLI21_TS_170,60,BLI20_MA_108,BLiMMP_sample_0082,BLiMMP_trip_016,15.2,2021-10-14,2021-10-14,no,molybdate,t2,unfiltered-molybdate,1.94375
BLI21_TS_171,52.5,BLI20_MA_111,BLiMMP_sample_0082,BLiMMP_trip_016,15.2,2021-10-14,2021-10-14,yes,unamended,t2,filtered-unamended,1.938194
BLI21_TS_171,52.5,BLI20_MA_111,BLiMMP_sample_0082,BLiMMP_trip_016,15.2,2021-10-14,2021-10-14,yes,unamended,t2,filtered-unamended,1.938194
BLI21_TS_172,70.2,BLI20_MA_109,BLiMMP_sample_0082,BLiMMP_trip_016,15.2,2021-10-14,2021-10-14,no,unamended,t2,unfiltered-unamended,1.940278
BLI21_TS_172,70.2,BLI20_MA_109,BLiMMP_sample_0082,BLiMMP_trip_016,15.2,2021-10-14,2021-10-14,no,unamended,t2,unfiltered-unamended,1.940278
BLI21_TS_173,60.1,BLI20_MA_110,BLiMMP_sample_0082,BLiMMP_trip_016,15.2,2021-10-14,2021-10-14,no,molybdate,t2,unfiltered-molybdate,1.938889
BLI21_TS_173,60.1,BLI20_MA_110,BLiMMP_sample_0082,BLiMMP_trip_016,15.2,2021-10-14,2021-10-14,no,molybdate,t2,unfiltered-molybdate,1.938889
BLI21_TS_174,67.3,BLI20_MA_103,BLiMMP_sample_0082,BLiMMP_trip_016,15.2,2021-10-14,2021-10-14,no,unamended,t2,unfiltered-unamended,1.94375
BLI21_TS_174,67.3,BLI20_MA_103,BLiMMP_sample_0082,BLiMMP_trip_016,15.2,2021-10-14,2021-10-14,no,unamended,t2,unfiltered-unamended,1.94375
BLI21_TS_175,0,BLI20_MA_101,BLiMMP_sample_0081,BLiMMP_trip_016,14.2,2021-10-14,2021-10-14,yes,unamended,t2,filtered-unamended,1.954167
BLI21_TS_175,0,BLI20_MA_101,BLiMMP_sample_0081,BLiMMP_trip_016,14.2,2021-10-14,2021-10-14,yes,unamended,t2,filtered-unamended,1.954167
BLI21_TS_176,71.1,BLI20_MA_109,BLiMMP_sample_0082,BLiMMP_trip_016,15.2,2021-10-14,2021-10-14,no,unamended,t1,unfiltered-unamended,1.015278
BLI21_TS_176,71.1,BLI20_MA_109,BLiMMP_sample_0082,BLiMMP_trip_016,15.2,2021-10-14,2021-10-14,no,unamended,t1,unfiltered-unamended,1.015278
BLI21_TS_177,57,BLI20_MA_112,BLiMMP_sample_0082,BLiMMP_trip_016,15.2,2021-10-14,2021-10-14,yes,unamended,t1,filtered-unamended,1.032639
BLI21_TS_177,57,BLI20_MA_112,BLiMMP_sample_0082,BLiMMP_trip_016,15.2,2021-10-14,2021-10-14,yes,unamended,t1,filtered-unamended,1.032639
BLI21_TS_178,64.9,BLI20_MA_110,BLiMMP_sample_0082,BLiMMP_trip_016,15.2,2021-10-14,2021-10-14,no,molybdate,t1,unfiltered-molybdate,1.020139
BLI21_TS_178,64.9,BLI20_MA_110,BLiMMP_sample_0082,BLiMMP_trip_016,15.2,2021-10-14,2021-10-14,no,molybdate,t1,unfiltered-molybdate,1.020139
BLI21_TS_179,53.1,BLI20_MA_111,BLiMMP_sample_0082,BLiMMP_trip_016,15.2,2021-10-14,2021-10-14,yes,unamended,t1,filtered-unamended,1.009028
BLI21_TS_179,53.1,BLI20_MA_111,BLiMMP_sample_0082,BLiMMP_trip_016,15.2,2021-10-14,2021-10-14,yes,unamended,t1,filtered-unamended,1.009028
BLI21_TS_180,72.7,BLI20_MA_103,BLiMMP_sample_0082,BLiMMP_trip_016,15.2,2021-10-14,2021-10-14,no,unamended,t1,unfiltered-unamended,1.029167
BLI21_TS_180,72.7,BLI20_MA_103,BLiMMP_sample_0082,BLiMMP_trip_016,15.2,2021-10-14,2021-10-14,no,unamended,t1,unfiltered-unamended,1.029167
BLI21_TS_181,64,BLI20_MA_108,BLiMMP_sample_0082,BLiMMP_trip_016,15.2,2021-10-14,2021-10-14,no,molybdate,t1,unfiltered-molybdate,1.05625
BLI21_TS_181,64,BLI20_MA_108,BLiMMP_sample_0082,BLiMMP_trip_016,15.2,2021-10-14,2021-10-14,no,molybdate,t1,unfiltered-molybdate,1.05625
BLI21_TS_182,69.7,BLI20_MA_107,BLiMMP_sample_0082,BLiMMP_trip_016,15.2,2021-10-14,2021-10-14,no,unamended,t1,unfiltered-unamended,1.048611
BLI21_TS_182,69.7,BLI20_MA_107,BLiMMP_sample_0082,BLiMMP_trip_016,15.2,2021-10-14,2021-10-14,no,unamended,t1,unfiltered-unamended,1.048611
BLI21_TS_183,70.2,BLI20_MA_104,BLiMMP_sample_0082,BLiMMP_trip_016,15.2,2021-10-14,2021-10-14,no,molybdate,t1,unfiltered-molybdate,1.040278
BLI21_TS_183,70.2,BLI20_MA_104,BLiMMP_sample_0082,BLiMMP_trip_016,15.2,2021-10-14,2021-10-14,no,molybdate,t1,unfiltered-molybdate,1.040278
BLI21_TS_184,71.5,BLI20_MA_105,BLiMMP_sample_0082,BLiMMP_trip_016,15.2,2021-10-14,2021-10-14,no,unamended,t1,unfiltered-unamended,1.036806
BLI21_TS_184,71.5,BLI20_MA_105,BLiMMP_sample_0082,BLiMMP_trip_016,15.2,2021-10-14,2021-10-14,no,unamended,t1,unfiltered-unamended,1.036806
BLI21_TS_185,67.5,BLI20_MA_106,BLiMMP_sample_0082,BLiMMP_trip_016,15.2,2021-10-14,2021-10-14,no,molybdate,t1,unfiltered-molybdate,1.044444
BLI21_TS_185,67.5,BLI20_MA_106,BLiMMP_sample_0082,BLiMMP_trip_016,15.2,2021-10-14,2021-10-14,no,molybdate,t1,unfiltered-molybdate,1.044444
BLI21_TS_186,0,BLI20_MA_102,BLiMMP_sample_0081,BLiMMP_trip_016,14.2,2021-10-14,2021-10-14,yes,unamended,t2,filtered-unamended,1.960417
BLI21_TS_186,0,BLI20_MA_102,BLiMMP_sample_0081,BLiMMP_trip_016,14.2,2021-10-14,2021-10-14,yes,unamended,t2,filtered-unamended,1.960417
BLI21_TS_187,0,BLI20_MA_100,BLiMMP_sample_0081,BLiMMP_trip_016,14.2,2021-10-14,2021-10-14,no,molybdate,t1,unfiltered-molybdate,1.067361
BLI21_TS_187,0,BLI20_MA_100,BLiMMP_sample_0081,BLiMMP_trip_016,14.2,2021-10-14,2021-10-14,no,molybdate,t1,unfiltered-molybdate,1.067361
BLI21_TS_188,0,BLI20_MA_093,BLiMMP_sample_0081,BLiMMP_trip_016,14.2,2021-10-14,2021-10-14,no,unamended,t1,unfiltered-unamended,1.056944
BLI21_TS_188,0,BLI20_MA_093,BLiMMP_sample_0081,BLiMMP_trip_016,14.2,2021-10-14,2021-10-14,no,unamended,t1,unfiltered-unamended,1.056944
BLI21_TS_189,0,BLI20_MA_095,BLiMMP_sample_0081,BLiMMP_trip_016,14.2,2021-10-14,2021-10-14,no,unamended,t1,unfiltered-unamended,1.052083
BLI21_TS_189,0,BLI20_MA_095,BLiMMP_sample_0081,BLiMMP_trip_016,14.2,2021-10-14,2021-10-14,no,unamended,t1,unfiltered-unamended,1.052083
BLI21_TS_190,0,BLI20_MA_102,BLiMMP_sample_0081,BLiMMP_trip_016,14.2,2021-10-14,2021-10-14,yes,unamended,t1,filtered-unamended,1.077778
BLI21_TS_190,0,BLI20_MA_102,BLiMMP_sample_0081,BLiMMP_trip_016,14.2,2021-10-14,2021-10-14,yes,unamended,t1,filtered-unamended,1.077778
BLI21_TS_191,0.0219,BLI20_MA_097,BLiMMP_sample_0081,BLiMMP_trip_016,14.2,2021-10-14,2021-10-14,no,unamended,t2,unfiltered-unamended,1.94375
BLI21_TS_191,0.0219,BLI20_MA_097,BLiMMP_sample_0081,BLiMMP_trip_016,14.2,2021-10-14,2021-10-14,no,unamended,t2,unfiltered-unamended,1.94375
BLI21_TS_192,0,BLI20_MA_101,BLiMMP_sample_0081,BLiMMP_trip_016,14.2,2021-10-14,2021-10-14,yes,unamended,t1,filtered-unamended,1.075694
BLI21_TS_192,0,BLI20_MA_101,BLiMMP_sample_0081,BLiMMP_trip_016,14.2,2021-10-14,2021-10-14,yes,unamended,t1,filtered-unamended,1.075694
BLI21_TS_193,188,BLI20_MA_117,BLiMMP_sample_0085,BLiMMP_trip_016,19.9,2021-10-14,2021-10-14,no,unamended,t1,unfiltered-unamended,1.020139
BLI21_TS_193,188,BLI20_MA_117,BLiMMP_sample_0085,BLiMMP_trip_016,19.9,2021-10-14,2021-10-14,no,unamended,t1,unfiltered-unamended,1.020139
BLI21_TS_194,0.0757,BLI20_MA_099,BLiMMP_sample_0081,BLiMMP_trip_016,14.2,2021-10-14,2021-10-14,no,unamended,t2,unfiltered-unamended,1.954167
BLI21_TS_194,0.0757,BLI20_MA_099,BLiMMP_sample_0081,BLiMMP_trip_016,14.2,2021-10-14,2021-10-14,no,unamended,t2,unfiltered-unamended,1.954167
BLI21_TS_195,168,BLI20_MA_115,BLiMMP_sample_0085,BLiMMP_trip_016,19.9,2021-10-14,2021-10-14,no,unamended,t1,unfiltered-unamended,1.017361
BLI21_TS_195,168,BLI20_MA_115,BLiMMP_sample_0085,BLiMMP_trip_016,19.9,2021-10-14,2021-10-14,no,unamended,t1,unfiltered-unamended,1.017361
BLI21_TS_196,0,BLI20_MA_099,BLiMMP_sample_0081,BLiMMP_trip_016,14.2,2021-10-14,2021-10-14,no,unamended,t1,unfiltered-unamended,1.061806
BLI21_TS_196,0,BLI20_MA_099,BLiMMP_sample_0081,BLiMMP_trip_016,14.2,2021-10-14,2021-10-14,no,unamended,t1,unfiltered-unamended,1.061806
BLI21_TS_197,0,BLI20_MA_096,BLiMMP_sample_0081,BLiMMP_trip_016,14.2,2021-10-14,2021-10-14,no,molybdate,t1,unfiltered-molybdate,1.033333
BLI21_TS_197,0,BLI20_MA_096,BLiMMP_sample_0081,BLiMMP_trip_016,14.2,2021-10-14,2021-10-14,no,molybdate,t1,unfiltered-molybdate,1.033333
BLI21_TS_198,0,BLI20_MA_094,BLiMMP_sample_0081,BLiMMP_trip_016,14.2,2021-10-14,2021-10-14,no,molybdate,t1,unfiltered-molybdate,1.043056
BLI21_TS_198,0,BLI20_MA_094,BLiMMP_sample_0081,BLiMMP_trip_016,14.2,2021-10-14,2021-10-14,no,molybdate,t1,unfiltered-molybdate,1.043056
BLI21_TS_199,0,BLI20_MA_098,BLiMMP_sample_0081,BLiMMP_trip_016,14.2,2021-10-14,2021-10-14,no,molybdate,t1,unfiltered-molybdate,1.034722
BLI21_TS_199,0,BLI20_MA_098,BLiMMP_sample_0081,BLiMMP_trip_016,14.2,2021-10-14,2021-10-14,no,molybdate,t1,unfiltered-molybdate,1.034722
BLI21_TS_200,0,BLI20_MA_097,BLiMMP_sample_0081,BLiMMP_trip_016,14.2,2021-10-14,2021-10-14,no,unamended,t1,unfiltered-unamended,1.043056
BLI21_TS_200,0,BLI20_MA_097,BLiMMP_sample_0081,BLiMMP_trip_016,14.2,2021-10-14,2021-10-14,no,unamended,t1,unfiltered-unamended,1.043056
BLI21_TS_301,130,BLI20_MA_121,BLiMMP_sample_0085,BLiMMP_trip_016,19.9,2021-10-14,2021-10-14,yes,unamended,t2,filtered-unamended,1.940972
BLI21_TS_301,130,BLI20_MA_121,BLiMMP_sample_0085,BLiMMP_trip_016,19.9,2021-10-14,2021-10-14,yes,unamended,t2,filtered-unamended,1.940972
BLI21_TS_302,129,BLI20_MA_120,BLiMMP_sample_0085,BLiMMP_trip_016,19.9,2021-10-14,2021-10-14,no,molybdate,t2,unfiltered-molybdate,1.93125
BLI21_TS_302,129,BLI20_MA_120,BLiMMP_sample_0085,BLiMMP_trip_016,19.9,2021-10-14,2021-10-14,no,molybdate,t2,unfiltered-molybdate,1.93125
BLI21_TS_303,149,BLI20_MA_119,BLiMMP_sample_0085,BLiMMP_trip_016,19.9,2021-10-14,2021-10-14,no,unamended,t2,unfiltered-unamended,1.933333
BLI21_TS_303,149,BLI20_MA_119,BLiMMP_sample_0085,BLiMMP_trip_016,19.9,2021-10-14,2021-10-14,no,unamended,t2,unfiltered-unamended,1.933333
BLI21_TS_304,144,BLI20_MA_113,BLiMMP_sample_0085,BLiMMP_trip_016,19.9,2021-10-14,2021-10-14,no,unamended,t2,unfiltered-unamended,1.942361
BLI21_TS_304,144,BLI20_MA_113,BLiMMP_sample_0085,BLiMMP_trip_016,19.9,2021-10-14,2021-10-14,no,unamended,t2,unfiltered-unamended,1.942361
BLI21_TS_305,143,BLI20_MA_116,BLiMMP_sample_0085,BLiMMP_trip_016,19.9,2021-10-14,2021-10-14,no,molybdate,t2,unfiltered-molybdate,1.948611
BLI21_TS_305,143,BLI20_MA_116,BLiMMP_sample_0085,BLiMMP_trip_016,19.9,2021-10-14,2021-10-14,no,molybdate,t2,unfiltered-molybdate,1.948611
BLI21_TS_306,121,BLI20_MA_122,BLiMMP_sample_0085,BLiMMP_trip_016,19.9,2021-10-14,2021-10-14,yes,unamended,t2,filtered-unamended,1.929167
BLI21_TS_306,121,BLI20_MA_122,BLiMMP_sample_0085,BLiMMP_trip_016,19.9,2021-10-14,2021-10-14,yes,unamended,t2,filtered-unamended,1.929167
BLI21_TS_307,136,BLI20_MA_114,BLiMMP_sample_0085,BLiMMP_trip_016,19.9,2021-10-14,2021-10-14,no,molybdate,t2,unfiltered-molybdate,1.929861
BLI21_TS_307,136,BLI20_MA_114,BLiMMP_sample_0085,BLiMMP_trip_016,19.9,2021-10-14,2021-10-14,no,molybdate,t2,unfiltered-molybdate,1.929861
BLI21_TS_308,141,BLI20_MA_115,BLiMMP_sample_0085,BLiMMP_trip_016,19.9,2021-10-14,2021-10-14,no,unamended,t2,unfiltered-unamended,1.938194
BLI21_TS_308,141,BLI20_MA_115,BLiMMP_sample_0085,BLiMMP_trip_016,19.9,2021-10-14,2021-10-14,no,unamended,t2,unfiltered-unamended,1.938194
BLI21_TS_309,139,BLI20_MA_118,BLiMMP_sample_0085,BLiMMP_trip_016,19.9,2021-10-14,2021-10-14,no,molybdate,t2,unfiltered-molybdate,1.930556
BLI21_TS_309,139,BLI20_MA_118,BLiMMP_sample_0085,BLiMMP_trip_016,19.9,2021-10-14,2021-10-14,no,molybdate,t2,unfiltered-molybdate,1.930556
BLI21_TS_310,129,BLI20_MA_117,BLiMMP_sample_0085,BLiMMP_trip_016,19.9,2021-10-14,2021-10-14,no,unamended,t2,unfiltered-unamended,1.936806
BLI21_TS_310,129,BLI20_MA_117,BLiMMP_sample_0085,BLiMMP_trip_016,19.9,2021-10-14,2021-10-14,no,unamended,t2,unfiltered-unamended,1.936806
BLiMMP_S_0009,12.9,BLiMMP_MA_0022,BLiMMP_sample_0020,BLiMMP_trip_003,20,2019-07-30,2019-07-30,no,unamended,NA,unfiltered-unamended,NA
BLiMMP_S_0010,0,BLiMMP_MA_0026,BLiMMP_sample_0021,BLiMMP_trip_003,10.3,2019-07-30,2019-07-30,no,unamended,NA,unfiltered-unamended,NA
BLiMMP_S_0011,0.0717,BLiMMP_MA_0021,BLiMMP_sample_0020,BLiMMP_trip_003,20,2019-07-30,2019-07-30,no,unamended,NA,unfiltered-unamended,NA
BLiMMP_S_0012,9.04,BLiMMP_MA_0023,BLiMMP_sample_0020,BLiMMP_trip_003,20,2019-07-30,2019-07-30,no,unamended,NA,unfiltered-unamended,NA
BLiMMP_S_0013,0,BLiMMP_MA_0028,BLiMMP_sample_0021,BLiMMP_trip_003,10.3,2019-07-30,2019-07-30,no,unamended,NA,unfiltered-unamended,NA
BLiMMP_S_0014,0,BLiMMP_MA_0025,BLiMMP_sample_0021,BLiMMP_trip_003,10.3,2019-07-30,2019-07-30,yes,unamended,NA,filtered-unamended,NA
BLiMMP_S_0015,0,BLiMMP_MA_0024,BLiMMP_sample_0021,BLiMMP_trip_003,10.3,2019-07-30,2019-07-30,yes,unamended,NA,filtered-unamended,NA
BLiMMP_S_0016,0,BLiMMP_MA_0027,BLiMMP_sample_0021,BLiMMP_trip_003,10.3,2019-07-30,2019-07-30,no,unamended,NA,unfiltered-unamended,NA
BLiMMP_S_0029,0,BLiMMP_MA_0044,BLiMMP_sample_0032,BLiMMP_trip_005,14,2019-08-30,2019-08-30,yes,unamended,NA,filtered-unamended,NA
BLiMMP_S_0030,0.859,BLiMMP_MA_0046,BLiMMP_sample_0032,BLiMMP_trip_005,14,2019-08-30,2019-08-30,yes,unamended,NA,filtered-unamended,NA
BLiMMP_S_0031,4.67,BLiMMP_MA_0045,BLiMMP_sample_0032,BLiMMP_trip_005,14,2019-08-30,2019-08-30,yes,unamended,NA,filtered-unamended,NA
BLiMMP_S_0032,3.3,BLiMMP_MA_0043,BLiMMP_sample_0032,BLiMMP_trip_005,14,2019-08-30,2019-08-30,no,unamended,NA,unfiltered-unamended,NA
BLiMMP_S_0033,0,BLiMMP_MA_0042,BLiMMP_sample_0032,BLiMMP_trip_005,14,2019-08-30,2019-08-30,no,unamended,NA,unfiltered-unamended,NA
BLiMMP_S_0034,4.52,BLiMMP_MA_0041,BLiMMP_sample_0032,BLiMMP_trip_005,14,2019-08-30,2019-08-30,no,unamended,NA,unfiltered-unamended,NA
BLiMMP_S_0035,3.09,BLiMMP_MA_0039,BLiMMP_sample_0032,BLiMMP_trip_005,14,2019-08-30,2019-08-30,no,molybdate,NA,unfiltered-molybdate,NA
BLiMMP_S_0036,0,BLiMMP_MA_0040,BLiMMP_sample_0032,BLiMMP_trip_005,14,2019-08-30,2019-08-30,no,molybdate,NA,unfiltered-molybdate,NA
BLiMMP_S_0037,0,BLiMMP_MA_0038,BLiMMP_sample_0032,BLiMMP_trip_005,14,2019-08-30,2019-08-30,no,molybdate,NA,unfiltered-molybdate,NA
BLiMMP_S_0038,0,BLiMMP_MA_0029,BLiMMP_sample_0031,BLiMMP_trip_005,11.7,2019-08-30,2019-08-30,no,molybdate,NA,unfiltered-molybdate,NA
BLiMMP_S_0039,0,BLiMMP_MA_0030,BLiMMP_sample_0031,BLiMMP_trip_005,11.7,2019-08-30,2019-08-30,no,molybdate,NA,unfiltered-molybdate,NA
BLiMMP_S_0040,0,BLiMMP_MA_0031,BLiMMP_sample_0031,BLiMMP_trip_005,11.7,2019-08-30,2019-08-30,no,molybdate,NA,unfiltered-molybdate,NA
BLiMMP_S_0041,0,BLiMMP_MA_0033,BLiMMP_sample_0031,BLiMMP_trip_005,11.7,2019-08-30,2019-08-30,no,unamended,NA,unfiltered-unamended,NA
BLiMMP_S_0042,0,BLiMMP_MA_0035,BLiMMP_sample_0031,BLiMMP_trip_005,11.7,2019-08-30,2019-08-30,yes,unamended,NA,filtered-unamended,NA
BLiMMP_S_0043,0,BLiMMP_MA_0036,BLiMMP_sample_0031,BLiMMP_trip_005,11.7,2019-08-30,2019-08-30,yes,unamended,NA,filtered-unamended,NA
BLiMMP_S_0044,0,BLiMMP_MA_0034,BLiMMP_sample_0031,BLiMMP_trip_005,11.7,2019-08-30,2019-08-30,no,unamended,NA,unfiltered-unamended,NA
BLiMMP_S_0045,0,BLiMMP_MA_0037,BLiMMP_sample_0031,BLiMMP_trip_005,11.7,2019-08-30,2019-08-30,yes,unamended,NA,filtered-unamended,NA
BLiMMP_S_0046,0,BLiMMP_MA_0032,BLiMMP_sample_0031,BLiMMP_trip_005,11.7,2019-08-30,2019-08-30,no,unamended,NA,unfiltered-unamended,NA
BLiMMP_S_0047,50.1,BLiMMP_MA_0052,BLiMMP_sample_0033,BLiMMP_trip_005,20.1,2019-08-30,2019-08-30,no,unamended,NA,unfiltered-unamended,NA
BLiMMP_S_0048,59.7,BLiMMP_MA_0054,BLiMMP_sample_0033,BLiMMP_trip_005,20.1,2019-08-30,2019-08-30,yes,unamended,NA,filtered-unamended,NA
BLiMMP_S_0049,55.9,BLiMMP_MA_0053,BLiMMP_sample_0033,BLiMMP_trip_005,20.1,2019-08-30,2019-08-30,yes,unamended,NA,filtered-unamended,NA
BLiMMP_S_0050,50.8,BLiMMP_MA_0050,BLiMMP_sample_0033,BLiMMP_trip_005,20.1,2019-08-30,2019-08-30,no,unamended,NA,unfiltered-unamended,NA
BLiMMP_S_0051,56.3,BLiMMP_MA_0049,BLiMMP_sample_0033,BLiMMP_trip_005,20.1,2019-08-30,2019-08-30,no,molybdate,NA,unfiltered-molybdate,NA
BLiMMP_S_0052,46.6,BLiMMP_MA_0051,BLiMMP_sample_0033,BLiMMP_trip_005,20.1,2019-08-30,2019-08-30,no,unamended,NA,unfiltered-unamended,NA
BLiMMP_S_0053,50.1,BLiMMP_MA_0048,BLiMMP_sample_0033,BLiMMP_trip_005,20.1,2019-08-30,2019-08-30,no,molybdate,NA,unfiltered-molybdate,NA
BLiMMP_S_0054,65,BLiMMP_MA_0047,BLiMMP_sample_0033,BLiMMP_trip_005,20.1,2019-08-30,2019-08-30,no,molybdate,NA,unfiltered-molybdate,NA
BLiMMP_S_0055,42.2,BLiMMP_MA_0055,BLiMMP_sample_0033,BLiMMP_trip_005,20.1,2019-08-30,2019-08-30,yes,unamended,NA,filtered-unamended,NA
BLiMMP_S_0058,64.7,BLiMMP_MA_0072,BLiMMP_sample_0035,BLiMMP_trip_006,19.3,2019-10-08,2019-10-08,no,molybdate,NA,unfiltered-molybdate,NA
BLiMMP_S_0059,74.4,BLiMMP_MA_0069,BLiMMP_sample_0035,BLiMMP_trip_006,19.3,2019-10-08,2019-10-08,yes,unamended,NA,filtered-unamended,NA
BLiMMP_S_0060,75.1,BLiMMP_MA_0070,BLiMMP_sample_0035,BLiMMP_trip_006,19.3,2019-10-08,2019-10-08,no,starch,NA,unfiltered-starch,NA
BLiMMP_S_0061,59.5,BLiMMP_MA_0073,BLiMMP_sample_0035,BLiMMP_trip_006,19.3,2019-10-08,2019-10-08,no,algal,NA,unfiltered-algal,NA
BLiMMP_S_0062,73.5,BLiMMP_MA_0071,BLiMMP_sample_0035,BLiMMP_trip_006,19.3,2019-10-08,2019-10-08,yes,unamended,NA,filtered-unamended,NA
BLiMMP_S_0063,57,BLiMMP_MA_0074,BLiMMP_sample_0035,BLiMMP_trip_006,19.3,2019-10-08,2019-10-08,no,unamended,NA,unfiltered-unamended,NA
BLiMMP_S_0064,44.2,BLiMMP_MA_0077,BLiMMP_sample_0035,BLiMMP_trip_006,19.3,2019-10-08,2019-10-08,no,algal,NA,unfiltered-algal,NA
BLiMMP_S_0065,76.3,BLiMMP_MA_0068,BLiMMP_sample_0035,BLiMMP_trip_006,19.3,2019-10-08,2019-10-08,no,unamended,NA,unfiltered-unamended,NA
BLiMMP_S_0066,47.3,BLiMMP_MA_0075,BLiMMP_sample_0035,BLiMMP_trip_006,19.3,2019-10-08,2019-10-08,no,molybdate,NA,unfiltered-molybdate,NA
BLiMMP_S_0067,0,BLiMMP_MA_0076,BLiMMP_sample_0035,BLiMMP_trip_006,19.3,2019-10-08,2019-10-08,no,starch,NA,unfiltered-starch,NA
BLiMMP_S_0068,23.2,BLiMMP_MA_0065,BLiMMP_sample_0034,BLiMMP_trip_006,16.18,2019-10-08,2019-10-08,no,unamended,NA,unfiltered-unamended,NA
BLiMMP_S_0069,37.2,BLiMMP_MA_0062,BLiMMP_sample_0034,BLiMMP_trip_006,16.18,2019-10-08,2019-10-08,no,starch-molybdate,NA,unfiltered-starch-molybdate,NA
BLiMMP_S_0070,24.5,BLiMMP_MA_0066,BLiMMP_sample_0034,BLiMMP_trip_006,16.18,2019-10-08,2019-10-08,no,algal,NA,unfiltered-algal,NA
BLiMMP_S_0071,36.9,BLiMMP_MA_0064,BLiMMP_sample_0034,BLiMMP_trip_006,16.18,2019-10-08,2019-10-08,no,starch,NA,unfiltered-starch,NA
BLiMMP_S_0072,38,BLiMMP_MA_0061,BLiMMP_sample_0034,BLiMMP_trip_006,16.18,2019-10-08,2019-10-08,no,algal,NA,unfiltered-algal,NA
BLiMMP_S_0073,30.4,BLiMMP_MA_0067,BLiMMP_sample_0034,BLiMMP_trip_006,16.18,2019-10-08,2019-10-08,no,starch-molybdate,NA,unfiltered-starch-molybdate,NA
BLiMMP_S_0074,22.3,BLiMMP_MA_0056,BLiMMP_sample_0034,BLiMMP_trip_006,16.18,2019-10-08,2019-10-08,no,starch,NA,unfiltered-starch,NA
BLiMMP_S_0075,25.3,BLiMMP_MA_0057,BLiMMP_sample_0034,BLiMMP_trip_006,16.18,2019-10-08,2019-10-08,yes,unamended,NA,filtered-unamended,NA
BLiMMP_S_0076,18.8,BLiMMP_MA_0058,BLiMMP_sample_0034,BLiMMP_trip_006,16.18,2019-10-08,2019-10-08,yes,unamended,NA,filtered-unamended,NA
BLiMMP_S_0077,26.1,BLiMMP_MA_0059,BLiMMP_sample_0034,BLiMMP_trip_006,16.18,2019-10-08,2019-10-08,no,molybdate,NA,unfiltered-molybdate,NA
BLiMMP_S_0078,35.4,BLiMMP_MA_0060,BLiMMP_sample_0034,BLiMMP_trip_006,16.18,2019-10-08,2019-10-08,no,unamended,NA,unfiltered-unamended,NA
BLiMMP_S_0079,22.7,BLiMMP_MA_0063,BLiMMP_sample_0034,BLiMMP_trip_006,16.18,2019-10-08,2019-10-08,no,molybdate,NA,unfiltered-molybdate,NA
